取引No,来店日,来店時間,会計日,会計時間,合計,合計（10%標準）,合計（8%軽減）,合計（8%標準）,合計（非課税）,小計,内消費税,修正金額合計,修正後合計,修正後内消費税,現金,クレジットカード(Airペイ),交通系電子マネー(Airペイ),QUICPay(Airペイ),iD(Airペイ),QR決済(Airペイ QR),クレジットカード/電子マネー(Square),ポイント(Airペイ ポイント),ポイント(ホットペッパーグルメ),Pontaポイント(Airウォレット),金券合計,売掛合計,おつり,現金以外おつり不支払額,全体割引/割増(税込),個別割引/割増(税込),割引/割増合計(税込),人数,商品点数,滞在時間,伝票名,レジID,レジ担当者名,リソース名,ID,カテゴリー名,メニュー名,種別１,種別２,価格,注文数量,個別割引/割増数量,個別割引/割増単価,単位,個別割引/割増合計額,金券内訳,楽天Pay,出前館売掛,Uber売掛,Go to売掛,その他売掛,まとめ買い割引(税込),まとめ買い割引名,まとめ買い割引セット価格,まとめ買い割引セット数,まとめ買い割引数,まとめ買い割引合計額
HD0020250902170639504,2025/09/02,17:06:37,2025/09/02,18:32:52,11066,11066,0,0,0,10060,1006,0,11066,1006,15116,0,0,0,0,0,0,0,0,0,0,0,4050,0,0,0,0,4,14,01:26:15,"A5",0003,"サジャニン","未設定",1903C7C2EE674CC2A32771FDB664C178,"アラカルト、一品","トッポキ","ノーマル","",800,1,0,0,-,0,0,0,0,0,0,0,0,"",0,0,0,0
HD0020250902170639504,,,,,,,,,,,,,,,,,,,,,,,,,,,,,,,,,,,,,,,1903C7C2EE674CC2A32771FDB664C178,"プレート料理","ネネUFOフォンデュ(2人前)10本","","",3100,1,0,0,-,0,,,,,,,,"",0,0,0,0
HD0020250902170639504,,,,,,,,,,,,,,,,,,,,,,,,,,,,,,,,,,,,,,,1903C7C2EE674CC2A32771FDB664C178,"ごはん、麺類、チジミ","白ごはん","大盛り","",380,1,0,0,-,0,,,,,,,,"",0,0,0,0
HD0020250902170639504,,,,,,,,,,,,,,,,,,,,,,,,,,,,,,,,,,,,,,,1903C7C2EE674CC2A32771FDB664C178,"ごはん、麺類、チジミ","白ごはん","普通盛り","",280,1,0,0,-,0,,,,,,,,"",0,0,0,0
HD0020250902170639504,,,,,,,,,,,,,,,,,,,,,,,,,,,,,,,,,,,,,,,1903C7C2EE674CC2A32771FDB664C178,"ごはん、麺類、チジミ","盛岡冷麺","","",950,1,0,0,-,0,,,,,,,,"",0,0,0,0
HD0020250902170639504,,,,,,,,,,,,,,,,,,,,,,,,,,,,,,,,,,,,,,,1903C7C2EE674CC2A32771FDB664C178,"ごはん、麺類、チジミ","セルフおにぎり","","",800,1,0,0,-,0,,,,,,,,"",0,0,0,0
HD0020250902170639504,,,,,,,,,,,,,,,,,,,,,,,,,,,,,,,,,,,,,,,1903C7C2EE674CC2A32771FDB664C178,"お通し（席料）","席料（お通し）","","",300,4,0,0,-,0,,,,,,,,"",0,0,0,0
HD0020250902170639504,,,,,,,,,,,,,,,,,,,,,,,,,,,,,,,,,,,,,,,1903C7C2EE674CC2A32771FDB664C178,"トッピング","ヤンニョムチキン","","",0,1,0,0,-,0,,,,,,,,"",0,0,0,0
HD0020250902170639504,,,,,,,,,,,,,,,,,,,,,,,,,,,,,,,,,,,,,,,1903C7C2EE674CC2A32771FDB664C178,"トッピング","ハニーマスタードチキン","","",0,1,0,0,-,0,,,,,,,,"",0,0,0,0
HD0020250902170639504,,,,,,,,,,,,,,,,,,,,,,,,,,,,,,,,,,,,,,,1903C7C2EE674CC2A32771FDB664C178,"デザート、スナック","糸ピンス　いちご","","",1450,1,0,0,-,0,,,,,,,,"",0,0,0,0
HD0020250902170639504,,,,,,,,,,,,,,,,,,,,,,,,,,,,,,,,,,,,,,,1903C7C2EE674CC2A32771FDB664C178,"ごはん、麺類、チジミ","キムチチヂミ","","",1100,1,0,0,-,0,,,,,,,,"",0,0,0,0
000320250902180230718,2025/09/02,18:41:43,2025/09/02,18:41:43,3780,0,3780,0,0,3500,280,0,3780,280,0,3780,0,0,0,0,0,0,0,0,0,0,0,0,0,0,0,1,1,00:00:00,"伝票00036140",0003,"サジャニン","未設定",D3B653D9CBE74010B7137BF55FD7894C,"テイクアウト","NENEハーフ&ハーフ骨なし T.O","ソース系+1","",3500,1,0,0,-,0,0,0,0,0,0,0,0,"",0,0,0,0
HD0020250902173043110,2025/09/02,17:23:30,2025/09/02,19:05:55,11990,11990,0,0,0,10900,1090,0,11990,1090,12000,0,0,0,0,0,0,0,0,0,0,0,10,0,0,0,0,6,6,01:42:25,"B1, B2",0003,"サジャニン","未設定",12135CA8EE5840429A5C15376B8BE3E1,"プレート料理","ガーリック醤油チーズタッカルビ(2人前)","","",3200,1,0,0,-,0,0,0,0,0,0,0,0,"",0,0,0,0
HD0020250902173043110,,,,,,,,,,,,,,,,,,,,,,,,,,,,,,,,,,,,,,,12135CA8EE5840429A5C15376B8BE3E1,"プレート料理","サムギョプサル(2人前)300g","","",3300,1,0,0,-,0,,,,,,,,"",0,0,0,0
HD0020250902173043110,,,,,,,,,,,,,,,,,,,,,,,,,,,,,,,,,,,,,,,12135CA8EE5840429A5C15376B8BE3E1,"ごはん、麺類、チジミ","キンパ","","",850,1,0,0,-,0,,,,,,,,"",0,0,0,0
HD0020250902173043110,,,,,,,,,,,,,,,,,,,,,,,,,,,,,,,,,,,,,,,12135CA8EE5840429A5C15376B8BE3E1,"ネネチキン","あり ハーフ&ハーフチキン","","",3550,1,0,0,-,0,,,,,,,,"",0,0,0,0
HD0020250902173043110,,,,,,,,,,,,,,,,,,,,,,,,,,,,,,,,,,,,,,,12135CA8EE5840429A5C15376B8BE3E1,"フレーバー選択","ヤンニョム","","",0,1,0,0,-,0,,,,,,,,"",0,0,0,0
HD0020250902173043110,,,,,,,,,,,,,,,,,,,,,,,,,,,,,,,,,,,,,,,12135CA8EE5840429A5C15376B8BE3E1,"フレーバー選択","カルビ味","","",0,1,0,0,-,0,,,,,,,,"",0,0,0,0
000320250902190619316,2025/09/02,19:06:30,2025/09/02,19:06:30,2170,0,2170,0,0,2170,160,0,2170,160,0,0,0,0,0,0,0,0,0,0,0,2170,0,0,0,0,0,1,1,00:00:00,"伝票00036144",0003,"サジャニン","未設定",A5EC35745F694F06A0B6731F506E4409,"未設定","カスタム商品(食品)","","",2170,1,0,0,-,0,0,0,0,2170,0,0,0,"",0,0,0,0
000320250902190633964,2025/09/02,19:06:39,2025/09/02,19:06:39,2760,0,2760,0,0,2760,204,0,2760,204,0,0,0,0,0,0,0,0,0,0,0,2760,0,0,0,0,0,1,1,00:00:00,"伝票00036145",0003,"サジャニン","未設定",777B2AB6531D46F9ACA364430EF9884B,"未設定","カスタム商品(食品)","","",2760,1,0,0,-,0,0,0,0,2760,0,0,0,"",0,0,0,0
000320250902193306040,2025/09/02,20:01:28,2025/09/02,20:01:28,5760,0,5760,0,0,5334,426,0,5760,426,0,0,0,0,0,5760,0,0,0,0,0,0,0,0,0,0,0,1,3,00:00:00,"伝票00036147",0003,"サジャニン","未設定",7EDCD92CFD6841B598C9F7580432443D,"テイクアウト","チヂミ  T.O","海鮮","",1200,1,0,0,-,0,0,0,0,0,0,0,0,"",0,0,0,0
000320250902193306040,,,,,,,,,,,,,,,,,,,,,,,,,,,,,,,,,,,,,,,7EDCD92CFD6841B598C9F7580432443D,"テイクアウト","キンパ T.O","","",834,1,0,0,-,0,,,,,,,,"",0,0,0,0
000320250902193306040,,,,,,,,,,,,,,,,,,,,,,,,,,,,,,,,,,,,,,,7EDCD92CFD6841B598C9F7580432443D,"テイクアウト","NENEハーフ&ハーフ骨なし T.O","通常","",3300,1,0,0,-,0,,,,,,,,"",0,0,0,0
000320250902193252540,2025/09/02,20:28:38,2025/09/02,20:28:38,3564,0,3564,0,0,3300,264,0,3564,264,0,3564,0,0,0,0,0,0,0,0,0,0,0,0,0,0,0,1,1,00:00:00,"伝票00036146",0003,"サジャニン","未設定",1A3A778FD7154C96BCA0D566CCC23380,"テイクアウト","NENEハーフ&ハーフ骨なし T.O","通常","",3300,1,0,0,-,0,0,0,0,0,0,0,0,"",0,0,0,0
HD0020250902192752823,2025/09/02,19:27:48,2025/09/02,20:36:57,12540,12540,0,0,0,11400,1140,0,12540,1140,0,0,0,12540,0,0,0,0,0,0,0,0,0,0,0,0,0,6,14,01:09:09,"A3, A4",0003,"サジャニン","未設定",8E281E2D7D9440D39B745658EAC08F35,"ごはん、麺類、チジミ","かいせんチヂミ（海鮮）","","",1200,1,0,0,-,0,0,0,0,0,0,0,0,"",0,0,0,0
HD0020250902192752823,,,,,,,,,,,,,,,,,,,,,,,,,,,,,,,,,,,,,,,8E281E2D7D9440D39B745658EAC08F35,"デザート、スナック","トルネードポテト","","",500,1,0,0,-,0,,,,,,,,"",0,0,0,0
HD0020250902192752823,,,,,,,,,,,,,,,,,,,,,,,,,,,,,,,,,,,,,,,8E281E2D7D9440D39B745658EAC08F35,"お通し（席料）","席料（お通し）","","",300,6,0,0,-,0,,,,,,,,"",0,0,0,0
HD0020250902192752823,,,,,,,,,,,,,,,,,,,,,,,,,,,,,,,,,,,,,,,8E281E2D7D9440D39B745658EAC08F35,"ネネチキン","ハーフ&ハーフチキン","","",3300,1,0,0,-,0,,,,,,,,"",0,0,0,0
HD0020250902192752823,,,,,,,,,,,,,,,,,,,,,,,,,,,,,,,,,,,,,,,8E281E2D7D9440D39B745658EAC08F35,"フレーバー選択","スノーウイング（チーズ）","","",0,1,0,0,-,0,,,,,,,,"",0,0,0,0
HD0020250902192752823,,,,,,,,,,,,,,,,,,,,,,,,,,,,,,,,,,,,,,,8E281E2D7D9440D39B745658EAC08F35,"フレーバー選択","フライド","","",0,1,0,0,-,0,,,,,,,,"",0,0,0,0
HD0020250902192752823,,,,,,,,,,,,,,,,,,,,,,,,,,,,,,,,,,,,,,,8E281E2D7D9440D39B745658EAC08F35,"トルネードフレーバー選択","塩","","",0,1,0,0,-,0,,,,,,,,"",0,0,0,0
HD0020250902192752823,,,,,,,,,,,,,,,,,,,,,,,,,,,,,,,,,,,,,,,8E281E2D7D9440D39B745658EAC08F35,"鍋 ジョンゴル","チュコプセ（イイダコ、ホルモン、エビ）","","",3980,1,0,0,-,0,,,,,,,,"",0,0,0,0
HD0020250902192752823,,,,,,,,,,,,,,,,,,,,,,,,,,,,,,,,,,,,,,,8E281E2D7D9440D39B745658EAC08F35,"ごはん、麺類、チジミ","〆のポックンパ大(単品不可)","","",620,1,0,0,-,0,,,,,,,,"",0,0,0,0
000320250902204926223,2025/09/02,20:49:35,2025/09/02,20:49:35,5000,0,5000,0,0,5000,370,0,5000,370,0,0,0,0,0,0,0,0,0,0,0,5000,0,0,0,0,0,1,1,00:00:00,"伝票00036150",0003,"サジャニン","未設定",F22E1106737D424FBA326815FA541D5C,"未設定","カスタム商品(食品)","","",5000,1,0,0,-,0,0,0,0,5000,0,0,0,"",0,0,0,0
000320250902204939572,2025/09/02,20:49:44,2025/09/02,20:49:44,2260,0,2260,0,0,2260,167,0,2260,167,0,0,0,0,0,0,0,0,0,0,0,2260,0,0,0,0,0,1,1,00:00:00,"伝票00036151",0003,"サジャニン","未設定",2E96DC6CDBB64E069D1AFF9430B06C7A,"未設定","カスタム商品(食品)","","",2260,1,0,0,-,0,0,0,0,2260,0,0,0,"",0,0,0,0
000320250902204948222,2025/09/02,20:49:56,2025/09/02,20:49:56,1490,0,1490,0,0,1490,110,0,1490,110,0,0,0,0,0,0,0,0,0,0,0,1490,0,0,0,0,0,1,1,00:00:00,"伝票00036152",0003,"サジャニン","未設定",773A39CD7A1C4AC0A6481C579343BB6E,"未設定","カスタム商品(食品)","","",1490,1,0,0,-,0,0,0,0,1490,0,0,0,"",0,0,0,0
000320250902205000916,2025/09/02,20:50:04,2025/09/02,20:50:04,2000,0,2000,0,0,2000,148,0,2000,148,0,0,0,0,0,0,0,0,0,0,0,2000,0,0,0,0,0,1,1,00:00:00,"伝票00036153",0003,"サジャニン","未設定",E19615DE743B41BA8E8F344820996CB4,"未設定","カスタム商品(食品)","","",2000,1,0,0,-,0,0,0,0,2000,0,0,0,"",0,0,0,0
000320250902205009149,2025/09/02,20:50:15,2025/09/02,20:50:15,5422,0,5422,0,0,5422,401,0,5422,401,0,0,0,0,0,0,0,0,0,0,0,5422,0,0,0,0,0,1,1,00:00:00,"伝票00036154",0003,"サジャニン","未設定",801E5742EF9A41ADBB8379127884553F,"未設定","カスタム商品(食品)","","",5422,1,0,0,-,0,0,0,0,5422,0,0,0,"",0,0,0,0
000320250903114905615,2025/09/03,11:49:59,2025/09/03,11:49:59,3564,0,3564,0,0,3300,264,0,3564,264,3564,0,0,0,0,0,0,0,0,0,0,0,0,0,0,0,0,1,1,00:00:00,"伝票00036155",0003,"サジャニン","未設定",5C38659A3EEE4445AD79D66FBE9BBC30,"テイクアウト","NENEハーフ&ハーフ骨なし T.O","通常","",3300,1,0,0,-,0,0,0,0,0,0,0,0,"",0,0,0,0
000320250903115543620,2025/09/03,11:56:14,2025/09/03,11:56:14,1080,0,1080,0,0,1000,80,0,1080,80,1100,0,0,0,0,0,0,0,0,0,0,0,20,0,0,0,0,1,1,00:00:00,"伝票00036156",0003,"サジャニン","未設定",6867995499CF44908E7047AC55015A49,"テイクアウト","トッポッキ T.O","チーズトッポキ","",1000,1,0,0,-,0,0,0,0,0,0,0,0,"",0,0,0,0
HD0020250903122824671,2025/09/03,12:27:55,2025/09/03,12:34:43,1320,1320,0,0,0,1200,120,0,1320,120,0,0,0,0,0,0,0,0,0,0,0,0,0,0,0,0,0,1,1,00:06:48,"A4",0003,"サジャニン","未設定",80B4787A594A4A8784B66C8B950BF2E9,"ランチ","野菜たっぷりビビンパ定食","","",1200,1,0,0,-,0,0,0,0,0,0,0,0,"",0,0,0,0
HD0020250903123525336,2025/09/03,11:59:00,2025/09/03,12:35:50,3498,3498,0,0,0,3180,318,0,3498,318,0,3498,0,0,0,0,0,0,0,0,0,0,0,0,0,0,0,2,4,00:36:49,"B3",0003,"サジャニン","未設定",B933FDE6B20B4B18B7C4A59CDF9AC9DD,"マッコリ、マッコリカクテル","マッコリグラス","グラスマッコリ","",500,1,0,0,-,0,0,0,0,0,0,0,0,"",0,0,0,0
HD0020250903123525336,,,,,,,,,,,,,,,,,,,,,,,,,,,,,,,,,,,,,,,B933FDE6B20B4B18B7C4A59CDF9AC9DD,"ランチ","盛岡冷麺定食","","",1100,1,0,0,-,0,,,,,,,,"",0,0,0,0
HD0020250903123525336,,,,,,,,,,,,,,,,,,,,,,,,,,,,,,,,,,,,,,,B933FDE6B20B4B18B7C4A59CDF9AC9DD,"ビール、韓国ビール","アサヒスーパードライ中瓶","瓶ビール","",680,1,0,0,-,0,,,,,,,,"",0,0,0,0
HD0020250903123525336,,,,,,,,,,,,,,,,,,,,,,,,,,,,,,,,,,,,,,,B933FDE6B20B4B18B7C4A59CDF9AC9DD,"ごはん、麺類、チジミ","温玉ビビン麺","ビビン麺(温玉抜き)","",900,1,0,0,-,0,,,,,,,,"",0,0,0,0
HD0020250903113412053,2025/09/03,11:33:00,2025/09/03,12:42:22,2530,2530,0,0,0,2300,230,0,2530,230,2530,0,0,0,0,0,0,0,0,0,0,0,0,0,0,0,0,2,2,01:09:22,"A1",0003,"サジャニン","未設定",07158A3278BE4FF2BCC284D1B5A6C855,"ランチ","石焼ビビンパ定食","","",1100,1,0,0,-,0,0,0,0,0,0,0,0,"",0,0,0,0
HD0020250903113412053,,,,,,,,,,,,,,,,,,,,,,,,,,,,,,,,,,,,,,,07158A3278BE4FF2BCC284D1B5A6C855,"ランチ","野菜たっぷりビビンパ定食","","",1200,1,0,0,-,0,,,,,,,,"",0,0,0,0
HD0020250903114201787,2025/09/03,11:38:57,2025/09/03,12:50:15,2860,2860,0,0,0,2600,260,0,2860,260,2910,0,0,0,0,0,0,0,0,0,0,0,50,0,0,0,0,2,4,01:11:18,"A3",0003,"サジャニン","未設定",0AD2940442824F5A87F2931851D77191,"ランチドリンク+100円","カルピス","","",100,1,0,0,-,0,0,0,0,0,0,0,0,"",0,0,0,0
HD0020250903114201787,,,,,,,,,,,,,,,,,,,,,,,,,,,,,,,,,,,,,,,0AD2940442824F5A87F2931851D77191,"ランチドリンク+100円","白ぶどうジュース","","",100,1,0,0,-,0,,,,,,,,"",0,0,0,0
HD0020250903114201787,,,,,,,,,,,,,,,,,,,,,,,,,,,,,,,,,,,,,,,0AD2940442824F5A87F2931851D77191,"ランチ","石焼ビビンパ定食","","",1100,1,0,0,-,0,,,,,,,,"",0,0,0,0
HD0020250903114201787,,,,,,,,,,,,,,,,,,,,,,,,,,,,,,,,,,,,,,,0AD2940442824F5A87F2931851D77191,"ランチ","レモン冷麺定食","","",1300,1,0,0,-,0,,,,,,,,"",0,0,0,0
HD0020250903125114557,2025/09/03,12:50:55,2025/09/03,13:23:40,1210,1210,0,0,0,1100,110,0,1210,110,0,0,0,0,0,1210,0,0,0,0,0,0,0,0,0,0,0,1,1,00:32:45,"B2",0003,"サジャニン","未設定",1F339DBF90864852A865985450B3A4FE,"ランチ","盛岡冷麺定食","","",1100,1,0,0,-,0,0,0,0,0,0,0,0,"",0,0,0,0
HD0020250903114254478,2025/09/03,11:25:55,2025/09/03,13:44:48,3520,3520,0,0,0,3200,320,0,3520,320,3520,0,0,0,0,0,0,0,0,0,0,0,0,0,0,0,0,2,3,02:18:53,"A5",0003,"サジャニン","未設定",10825F6A3031457EA1A87224BEF1D24D,"プレート料理","モッパンセット","","",3000,1,0,0,-,0,0,0,0,0,0,0,0,"",0,0,0,0
HD0020250903114254478,,,,,,,,,,,,,,,,,,,,,,,,,,,,,,,,,,,,,,,10825F6A3031457EA1A87224BEF1D24D,"ランチドリンク+100円","レモネード","","",100,1,0,0,-,0,,,,,,,,"",0,0,0,0
HD0020250903114254478,,,,,,,,,,,,,,,,,,,,,,,,,,,,,,,,,,,,,,,10825F6A3031457EA1A87224BEF1D24D,"ランチドリンク+100円","レモンスカッシュ","","",100,1,0,0,-,0,,,,,,,,"",0,0,0,0
000320250903180127692,2025/09/03,18:01:46,2025/09/03,18:01:46,2710,0,2710,0,0,2710,200,0,2710,200,0,0,0,0,0,0,0,0,0,0,0,2710,0,0,0,0,0,1,1,00:00:00,"伝票00036158",0003,"サジャニン","未設定",12C8A0C30CF6428EB11B2A559C0EE4D0,"未設定","カスタム商品(食品)","","",2710,1,0,0,-,0,0,0,2710,0,0,0,0,"",0,0,0,0
000320250903180200034,2025/09/03,18:02:12,2025/09/03,18:02:12,2880,0,2880,0,0,2880,213,0,2880,213,0,0,0,0,0,0,0,0,0,0,0,2880,0,0,0,0,0,1,1,00:00:00,"伝票00036159",0003,"サジャニン","未設定",7212196A382E4D27923BF670DA5FB822,"未設定","カスタム商品(食品)","","",2880,1,0,0,-,0,0,0,0,2880,0,0,0,"",0,0,0,0
000320250903180315327,2025/09/03,18:03:28,2025/09/03,18:03:28,4320,0,4320,0,0,4320,320,0,4320,320,0,0,0,0,0,0,0,0,0,0,0,4320,0,0,0,0,0,1,1,00:00:00,"伝票00036160",0003,"サジャニン","未設定",7ABA894BE417418B9C3B7FF205860CE4,"未設定","カスタム商品(食品)","","",4320,1,0,0,-,0,0,0,0,4320,0,0,0,"",0,0,0,0
000320250903180339028,2025/09/03,18:03:46,2025/09/03,18:03:46,3040,0,3040,0,0,3040,225,0,3040,225,0,0,0,0,0,0,0,0,0,0,0,3040,0,0,0,0,0,1,1,00:00:00,"伝票00036161",0003,"サジャニン","未設定",E780FEFA7A4046EFA41A051EF13A3872,"未設定","カスタム商品(食品)","","",3040,1,0,0,-,0,0,0,3040,0,0,0,0,"",0,0,0,0
000320250903180355781,2025/09/03,18:04:03,2025/09/03,18:04:03,2900,0,2900,0,0,2900,214,0,2900,214,0,0,0,0,0,0,0,0,0,0,0,2900,0,0,0,0,0,1,1,00:00:00,"伝票00036162",0003,"サジャニン","未設定",235C2202AA73425081782F7ED049FB42,"未設定","カスタム商品(食品)","","",2900,1,0,0,-,0,0,0,0,2900,0,0,0,"",0,0,0,0
000320250903180516055,2025/09/03,18:05:28,2025/09/03,18:05:28,3710,0,3710,0,0,3710,274,0,3710,274,0,0,0,0,0,0,0,0,0,0,0,3710,0,0,0,0,0,1,1,00:00:00,"伝票00036163",0003,"サジャニン","未設定",8CC11C81D7A94660A76CEAE8A00DC0E1,"未設定","カスタム商品(食品)","","",3710,1,0,0,-,0,0,0,3710,0,0,0,0,"",0,0,0,0
000320250903180539346,2025/09/03,18:05:47,2025/09/03,18:05:47,1600,0,1600,0,0,1600,118,0,1600,118,0,0,0,0,0,0,0,0,0,0,0,1600,0,0,0,0,0,1,1,00:00:00,"伝票00036164",0003,"サジャニン","未設定",0D931413B6E34D339C85F5C8177F3F3C,"未設定","カスタム商品(食品)","","",1600,1,0,0,-,0,0,0,1600,0,0,0,0,"",0,0,0,0
000320250903182600570,2025/09/03,18:32:37,2025/09/03,18:32:37,2710,0,2710,0,0,2710,200,0,2710,200,0,0,0,0,0,0,0,0,0,0,0,2710,0,0,0,0,0,1,1,00:00:00,"伝票00036166",0003,"サジャニン","未設定",FF97D90D30D8413D8A4E2FA26CB1C1B2,"未設定","カスタム商品(食品)","","",2710,1,0,0,-,0,0,0,0,2710,0,0,0,"",0,0,0,0
000320250903182537853,2025/09/03,19:06:56,2025/09/03,19:06:56,4374,0,4374,0,0,4050,324,0,4374,324,0,0,0,0,0,4374,0,0,0,0,0,0,0,0,0,0,0,1,2,00:00:00,"伝票00036165",0003,"サジャニン","未設定",7737135E89AF461997A84C98639C3153,"テイクアウト","チーズボール T.O","","",750,1,0,0,-,0,0,0,0,0,0,0,0,"",0,0,0,0
000320250903182537853,,,,,,,,,,,,,,,,,,,,,,,,,,,,,,,,,,,,,,,7737135E89AF461997A84C98639C3153,"テイクアウト","NENEハーフ&ハーフ骨なし T.O","通常","",3300,1,0,0,-,0,,,,,,,,"",0,0,0,0
000320250903192525725,2025/09/03,19:25:37,2025/09/03,19:25:37,2930,0,2930,0,0,2930,217,0,2930,217,0,0,0,0,0,0,0,0,0,0,0,2930,0,0,0,0,0,1,1,00:00:00,"伝票00036167",0003,"サジャニン","未設定",F0B8D537E42349D0B43B7C76E953C645,"未設定","カスタム商品(食品)","","",2930,1,0,0,-,0,0,0,0,2930,0,0,0,"",0,0,0,0
000320250903192542808,2025/09/03,19:26:03,2025/09/03,19:26:03,3410,0,3410,0,0,3410,252,0,3410,252,0,0,0,0,0,0,0,0,0,0,0,3410,0,0,0,0,0,1,1,00:00:00,"伝票00036168",0003,"サジャニン","未設定",7F8DFEBB18434AD6BA7E4F502471C095,"未設定","カスタム商品(食品)","","",3410,1,0,0,-,0,0,0,0,3410,0,0,0,"",0,0,0,0
000320250903192608271,2025/09/03,19:26:18,2025/09/03,19:26:18,4320,0,4320,0,0,4320,320,0,4320,320,0,0,0,0,0,0,0,0,0,0,0,4320,0,0,0,0,0,1,1,00:00:00,"伝票00036169",0003,"サジャニン","未設定",604FBF7290D1434C95F127F8C021BC32,"未設定","カスタム商品(食品)","","",4320,1,0,0,-,0,0,0,0,4320,0,0,0,"",0,0,0,0
000320250903192623534,2025/09/03,19:26:32,2025/09/03,19:26:32,3400,0,3400,0,0,3400,251,0,3400,251,0,0,0,0,0,0,0,0,0,0,0,3400,0,0,0,0,0,1,1,00:00:00,"伝票00036170",0003,"サジャニン","未設定",A10E20476E2B4E408CE9D22B31A5C9F2,"未設定","カスタム商品(食品)","","",3400,1,0,0,-,0,0,0,3400,0,0,0,0,"",0,0,0,0
000320250903193313508,2025/09/03,20:12:25,2025/09/03,20:12:25,6810,0,6810,0,0,6810,504,0,6810,504,0,0,0,0,0,0,0,0,0,0,0,6810,0,0,0,0,0,1,1,00:00:00,"伝票00036172",0003,"サジャニン","未設定",03D2C682CDE14476AB81D96BE64AD259,"未設定","カスタム商品(食品)","","",6810,1,0,0,-,0,0,0,0,6810,0,0,0,"",0,0,0,0
000320250903201344839,2025/09/03,20:14:05,2025/09/03,20:14:05,540,0,540,0,0,500,40,0,540,40,0,0,0,0,0,540,0,0,0,0,0,0,0,0,0,0,0,1,1,00:00:00,"伝票00036173",0003,"サジャニン","未設定",E13F379E0E93490CBBE6FDA9CFF7406B,"テイクアウト","チーズハットク T.O","","",500,1,0,0,-,0,0,0,0,0,0,0,0,"",0,0,0,0
000320250903201409651,2025/09/03,20:14:26,2025/09/03,20:14:26,1200,0,1200,0,0,1112,88,0,1200,88,0,0,0,0,0,1200,0,0,0,0,0,0,0,0,0,0,0,1,1,00:00:00,"伝票00036174",0003,"サジャニン","未設定",FE3B70BEE45A4B2598A1E199F301E2A4,"テイクアウト","チーズキンパ T.O","","",1112,1,0,0,-,0,0,0,0,0,0,0,0,"",0,0,0,0
000320250903192655283,2025/09/03,20:47:22,2025/09/03,20:47:22,6264,0,6264,0,0,5800,464,0,6264,464,10300,0,0,0,0,0,0,0,0,0,0,0,4036,0,0,0,0,1,4,00:00:00,"伝票00036171",0003,"サジャニン","未設定",7543BB4248934CE7B1F9DD1FA9BDD170,"テイクアウト","トッポッキ T.O","チーズトッポキ","",1000,1,0,0,-,0,0,0,0,0,0,0,0,"",0,0,0,0
000320250903192655283,,,,,,,,,,,,,,,,,,,,,,,,,,,,,,,,,,,,,,,7543BB4248934CE7B1F9DD1FA9BDD170,"テイクアウト","チーズボール T.O","","",750,2,0,0,-,0,,,,,,,,"",0,0,0,0
000320250903192655283,,,,,,,,,,,,,,,,,,,,,,,,,,,,,,,,,,,,,,,7543BB4248934CE7B1F9DD1FA9BDD170,"テイクアウト","NENEハーフ&ハーフ骨なし T.O","通常","",3300,1,0,0,-,0,,,,,,,,"",0,0,0,0
HD0020250903181155526,2025/09/03,18:11:53,2025/09/03,20:50:03,10263,10263,0,0,0,9330,933,0,10263,933,0,0,0,10263,0,0,0,0,0,0,0,0,0,0,0,0,0,3,15,02:38:10,"A5",0003,"サジャニン","未設定",D3CB7459E010444C9781361F33F3A9D9,"ソフトドリンク","ジンジャーエール","","",350,1,0,0,-,0,0,0,0,0,0,0,0,"",0,0,0,0
HD0020250903181155526,,,,,,,,,,,,,,,,,,,,,,,,,,,,,,,,,,,,,,,D3CB7459E010444C9781361F33F3A9D9,"カクテル各種","カシスグレープフルーツ","","",550,1,0,0,-,0,,,,,,,,"",0,0,0,0
HD0020250903181155526,,,,,,,,,,,,,,,,,,,,,,,,,,,,,,,,,,,,,,,D3CB7459E010444C9781361F33F3A9D9,"ビール、韓国ビール","韓国ビール CASS カス 500ml","","",1200,1,0,0,-,0,,,,,,,,"",0,0,0,0
HD0020250903181155526,,,,,,,,,,,,,,,,,,,,,,,,,,,,,,,,,,,,,,,D3CB7459E010444C9781361F33F3A9D9,"ビール、韓国ビール","オールフリー(ノンアル)","","",550,2,0,0,-,0,,,,,,,,"",0,0,0,0
HD0020250903181155526,,,,,,,,,,,,,,,,,,,,,,,,,,,,,,,,,,,,,,,D3CB7459E010444C9781361F33F3A9D9,"ウイスキー、ハイボール","ジンビームハイボール","ジンビームハイボール","",500,1,0,0,-,0,,,,,,,,"",0,0,0,0
HD0020250903181155526,,,,,,,,,,,,,,,,,,,,,,,,,,,,,,,,,,,,,,,D3CB7459E010444C9781361F33F3A9D9,"ウイスキー、ハイボール","ジンビームハイボール","生レモンハーフカット","",150,1,0,0,-,0,,,,,,,,"",0,0,0,0
HD0020250903181155526,,,,,,,,,,,,,,,,,,,,,,,,,,,,,,,,,,,,,,,D3CB7459E010444C9781361F33F3A9D9,"ネネチキン","ヤンニョムチキン","ハーフ","",2000,1,0,0,-,0,,,,,,,,"",0,0,0,0
HD0020250903181155526,,,,,,,,,,,,,,,,,,,,,,,,,,,,,,,,,,,,,,,D3CB7459E010444C9781361F33F3A9D9,"ソフトドリンク","レモネード","","",350,1,0,0,-,0,,,,,,,,"",0,0,0,0
HD0020250903181155526,,,,,,,,,,,,,,,,,,,,,,,,,,,,,,,,,,,,,,,D3CB7459E010444C9781361F33F3A9D9,"サラダ","豆腐キムチ","","",600,1,0,0,-,0,,,,,,,,"",0,0,0,0
HD0020250903181155526,,,,,,,,,,,,,,,,,,,,,,,,,,,,,,,,,,,,,,,D3CB7459E010444C9781361F33F3A9D9,"お通し（席料）","席料（お通し）","","",300,3,0,0,-,0,,,,,,,,"",0,0,0,0
HD0020250903181155526,,,,,,,,,,,,,,,,,,,,,,,,,,,,,,,,,,,,,,,D3CB7459E010444C9781361F33F3A9D9,"揚げ物、フライ","サツマイモフライド","","",650,1,0,0,-,0,,,,,,,,"",0,0,0,0
HD0020250903181155526,,,,,,,,,,,,,,,,,,,,,,,,,,,,,,,,,,,,,,,D3CB7459E010444C9781361F33F3A9D9,"ごはん、麺類、チジミ","やさいチヂミ(野菜)","","",980,1,0,0,-,0,,,,,,,,"",0,0,0,0
000320250903205026561,2025/09/03,20:50:32,2025/09/03,20:50:32,1930,0,1930,0,0,1930,142,0,1930,142,0,0,0,0,0,0,0,0,0,0,0,1930,0,0,0,0,0,1,1,00:00:00,"伝票00036176",0003,"サジャニン","未設定",F0705FE8C0AE495F9F6FAE21220AB609,"未設定","カスタム商品(食品)","","",1930,1,0,0,-,0,0,0,0,1930,0,0,0,"",0,0,0,0
000320250903205036686,2025/09/03,20:50:42,2025/09/03,20:50:42,2460,0,2460,0,0,2460,182,0,2460,182,0,0,0,0,0,0,0,0,0,0,0,2460,0,0,0,0,0,1,1,00:00:00,"伝票00036177",0003,"サジャニン","未設定",FA0268221A0F4383A95FC3BB353114BA,"未設定","カスタム商品(食品)","","",2460,1,0,0,-,0,0,0,0,2460,0,0,0,"",0,0,0,0
000320250903205046790,2025/09/03,20:50:51,2025/09/03,20:50:51,1450,0,1450,0,0,1450,107,0,1450,107,0,0,0,0,0,0,0,0,0,0,0,1450,0,0,0,0,0,1,1,00:00:00,"伝票00036178",0003,"サジャニン","未設定",C5FA2F7B3E1F4F4DB9DC7173C88AE33B,"未設定","カスタム商品(食品)","","",1450,1,0,0,-,0,0,0,0,1450,0,0,0,"",0,0,0,0
000320250903205056011,2025/09/03,20:51:04,2025/09/03,20:51:04,5580,0,5580,0,0,5580,413,0,5580,413,0,0,0,0,0,0,0,0,0,0,0,5580,0,0,0,0,0,1,1,00:00:00,"伝票00036179",0003,"サジャニン","未設定",9FDA14033C7F4C95BE3D2419C1DA05F7,"未設定","カスタム商品(食品)","","",5580,1,0,0,-,0,0,0,0,5580,0,0,0,"",0,0,0,0
000320250903205108654,2025/09/03,20:51:16,2025/09/03,20:51:16,2450,0,2450,0,0,2450,181,0,2450,181,0,0,0,0,0,0,0,0,0,0,0,2450,0,0,0,0,0,1,1,00:00:00,"伝票00036180",0003,"サジャニン","未設定",B294E94D9AB940528F889AD1A07D6C31,"未設定","カスタム商品(食品)","","",2450,1,0,0,-,0,0,0,2450,0,0,0,0,"",0,0,0,0
HD0020250903201110584,2025/09/03,20:11:04,2025/09/03,21:08:48,9174,9174,0,0,0,8340,834,0,9174,834,0,0,0,0,0,9174,0,0,0,0,0,0,0,0,0,0,0,2,11,00:57:44,"B4",0003,"サジャニン","未設定",A21C9AB61E154E4A855930F34EA8F818,"プレート料理","ネネUFOフォンデュ(2人前)10本","","",3100,1,0,0,-,0,0,0,0,0,0,0,0,"",0,0,0,0
HD0020250903201110584,,,,,,,,,,,,,,,,,,,,,,,,,,,,,,,,,,,,,,,A21C9AB61E154E4A855930F34EA8F818,"プレート料理","UFO追加チキン","UFO追加チキン（４本）","",760,1,0,0,-,0,,,,,,,,"",0,0,0,0
HD0020250903201110584,,,,,,,,,,,,,,,,,,,,,,,,,,,,,,,,,,,,,,,A21C9AB61E154E4A855930F34EA8F818,"ごはん、麺類、チジミ","キンパ","","",850,1,0,0,-,0,,,,,,,,"",0,0,0,0
HD0020250903201110584,,,,,,,,,,,,,,,,,,,,,,,,,,,,,,,,,,,,,,,A21C9AB61E154E4A855930F34EA8F818,"お通し（席料）","席料（お通し）","","",300,2,0,0,-,0,,,,,,,,"",0,0,0,0
HD0020250903201110584,,,,,,,,,,,,,,,,,,,,,,,,,,,,,,,,,,,,,,,A21C9AB61E154E4A855930F34EA8F818,"トッピング","フライドチキン","","",0,1,0,0,-,0,,,,,,,,"",0,0,0,0
HD0020250903201110584,,,,,,,,,,,,,,,,,,,,,,,,,,,,,,,,,,,,,,,A21C9AB61E154E4A855930F34EA8F818,"トッピング","ヤンニョムチキン","","",0,1,0,0,-,0,,,,,,,,"",0,0,0,0
HD0020250903201110584,,,,,,,,,,,,,,,,,,,,,,,,,,,,,,,,,,,,,,,A21C9AB61E154E4A855930F34EA8F818,"ソフトドリンク","ソフトドリンク飲み放題（80分）韓国ジュース不可","","",500,2,0,0,-,0,,,,,,,,"",0,0,0,0
HD0020250903201110584,,,,,,,,,,,,,,,,,,,,,,,,,,,,,,,,,,,,,,,A21C9AB61E154E4A855930F34EA8F818,"揚げ物、フライ","ポテトモッツァレラチーズハットグ","","",550,1,0,0,-,0,,,,,,,,"",0,0,0,0
HD0020250903201110584,,,,,,,,,,,,,,,,,,,,,,,,,,,,,,,,,,,,,,,A21C9AB61E154E4A855930F34EA8F818,"アラカルト、一品","チュクミポックン(イイダコ甘辛炒め)","","",1480,1,0,0,-,0,,,,,,,,"",0,0,0,0
000320250903211452481,2025/09/03,21:14:58,2025/09/03,21:14:58,3240,0,3240,0,0,3240,240,0,3240,240,0,0,0,0,0,0,0,0,0,0,0,3240,0,0,0,0,0,1,1,00:00:00,"伝票00036181",0003,"サジャニン","未設定",709FBFAEE4EA482DAB30F1F0DEB77853,"未設定","カスタム商品(食品)","","",3240,1,0,0,-,0,0,0,0,3240,0,0,0,"",0,0,0,0
HD0020250903201021125,2025/09/03,20:10:19,2025/09/03,21:16:20,5390,5390,0,0,0,4900,490,0,5390,490,0,5390,0,0,0,0,0,0,0,0,0,0,0,0,0,0,0,2,6,01:06:00,"A1",0003,"サジャニン","未設定",2D7D1DFB5A6C4B36AB175BBDAC614678,"プレート料理","ネネUFOフォンデュ(2人前)10本","","",3100,1,0,0,-,0,0,0,0,0,0,0,0,"",0,0,0,0
HD0020250903201021125,,,,,,,,,,,,,,,,,,,,,,,,,,,,,,,,,,,,,,,2D7D1DFB5A6C4B36AB175BBDAC614678,"ごはん、麺類、チジミ","チーズキンパ","","",1200,1,0,0,-,0,,,,,,,,"",0,0,0,0
HD0020250903201021125,,,,,,,,,,,,,,,,,,,,,,,,,,,,,,,,,,,,,,,2D7D1DFB5A6C4B36AB175BBDAC614678,"お通し（席料）","席料（お通し）","","",300,2,0,0,-,0,,,,,,,,"",0,0,0,0
HD0020250903201021125,,,,,,,,,,,,,,,,,,,,,,,,,,,,,,,,,,,,,,,2D7D1DFB5A6C4B36AB175BBDAC614678,"トッピング","スノーウイング（チーズ）","","",0,1,0,0,-,0,,,,,,,,"",0,0,0,0
HD0020250903201021125,,,,,,,,,,,,,,,,,,,,,,,,,,,,,,,,,,,,,,,2D7D1DFB5A6C4B36AB175BBDAC614678,"トッピング","ハニーマスタードチキン","","",0,1,0,0,-,0,,,,,,,,"",0,0,0,0
HD0020250903183840865,2025/09/03,18:38:38,2025/09/03,21:26:56,23771,23771,0,0,0,21610,2161,0,23771,2161,25000,0,0,0,0,0,0,0,0,0,0,0,1229,0,0,0,0,4,34,02:48:18,"D個室1",0003,"サジャニン","未設定",EE4700AA67B84C6698BAB196EA10B551,"ソフトドリンク","ジンジャーエール","","",350,1,0,0,-,0,0,0,0,0,0,0,0,"",0,0,0,0
HD0020250903183840865,,,,,,,,,,,,,,,,,,,,,,,,,,,,,,,,,,,,,,,EE4700AA67B84C6698BAB196EA10B551,"ソフトドリンク","カルピスソーダ","","",350,1,0,0,-,0,,,,,,,,"",0,0,0,0
HD0020250903183840865,,,,,,,,,,,,,,,,,,,,,,,,,,,,,,,,,,,,,,,EE4700AA67B84C6698BAB196EA10B551,"ソフトドリンク","ウーロン茶","ホット","",400,1,0,0,-,0,,,,,,,,"",0,0,0,0
HD0020250903183840865,,,,,,,,,,,,,,,,,,,,,,,,,,,,,,,,,,,,,,,EE4700AA67B84C6698BAB196EA10B551,"ソフトドリンク","とうもろこし茶","ホット","",400,3,0,0,-,0,,,,,,,,"",0,0,0,0
HD0020250903183840865,,,,,,,,,,,,,,,,,,,,,,,,,,,,,,,,,,,,,,,EE4700AA67B84C6698BAB196EA10B551,"ソフトドリンク","オレンジジュース","","",350,1,0,0,-,0,,,,,,,,"",0,0,0,0
HD0020250903183840865,,,,,,,,,,,,,,,,,,,,,,,,,,,,,,,,,,,,,,,EE4700AA67B84C6698BAB196EA10B551,"アラカルト、一品","ナムル盛り合わせ","","",750,1,0,0,-,0,,,,,,,,"",0,0,0,0
HD0020250903183840865,,,,,,,,,,,,,,,,,,,,,,,,,,,,,,,,,,,,,,,EE4700AA67B84C6698BAB196EA10B551,"サラダ","チョレギサラダ","","",700,1,0,0,-,0,,,,,,,,"",0,0,0,0
HD0020250903183840865,,,,,,,,,,,,,,,,,,,,,,,,,,,,,,,,,,,,,,,EE4700AA67B84C6698BAB196EA10B551,"プレート料理","サムギョプサル(2人前)300g","","",3300,1,0,0,-,0,,,,,,,,"",0,0,0,0
HD0020250903183840865,,,,,,,,,,,,,,,,,,,,,,,,,,,,,,,,,,,,,,,EE4700AA67B84C6698BAB196EA10B551,"プレート料理","追加サムギョプサル肉150g","","",1100,2,0,0,-,0,,,,,,,,"",0,0,0,0
HD0020250903183840865,,,,,,,,,,,,,,,,,,,,,,,,,,,,,,,,,,,,,,,EE4700AA67B84C6698BAB196EA10B551,"ごはん、麺類、チジミ","白ごはん","大盛り","",380,1,0,0,-,0,,,,,,,,"",0,0,0,0
HD0020250903183840865,,,,,,,,,,,,,,,,,,,,,,,,,,,,,,,,,,,,,,,EE4700AA67B84C6698BAB196EA10B551,"スープ、純豆腐など","スンドゥブ","スンドゥブ","",900,1,0,0,-,0,,,,,,,,"",0,0,0,0
HD0020250903183840865,,,,,,,,,,,,,,,,,,,,,,,,,,,,,,,,,,,,,,,EE4700AA67B84C6698BAB196EA10B551,"チューハイ各種","こだわり酒場のレモンサワー","","",550,4,0,0,-,0,,,,,,,,"",0,0,0,0
HD0020250903183840865,,,,,,,,,,,,,,,,,,,,,,,,,,,,,,,,,,,,,,,EE4700AA67B84C6698BAB196EA10B551,"焼酎、韓国焼酎、チャミスル","焼酎 麦","水割り","",500,1,0,0,-,0,,,,,,,,"",0,0,0,0
HD0020250903183840865,,,,,,,,,,,,,,,,,,,,,,,,,,,,,,,,,,,,,,,EE4700AA67B84C6698BAB196EA10B551,"焼酎、韓国焼酎、チャミスル","チャミスルボトル","チャミスル マスカット","",980,1,0,0,-,0,,,,,,,,"",0,0,0,0
HD0020250903183840865,,,,,,,,,,,,,,,,,,,,,,,,,,,,,,,,,,,,,,,EE4700AA67B84C6698BAB196EA10B551,"ネネチキン","しんちゃんエコバッグ","","",100,4,0,0,-,0,,,,,,,,"",0,0,0,0
HD0020250903183840865,,,,,,,,,,,,,,,,,,,,,,,,,,,,,,,,,,,,,,,EE4700AA67B84C6698BAB196EA10B551,"お通し（席料）","席料（お通し）","","",300,4,0,0,-,0,,,,,,,,"",0,0,0,0
HD0020250903183840865,,,,,,,,,,,,,,,,,,,,,,,,,,,,,,,,,,,,,,,EE4700AA67B84C6698BAB196EA10B551,"ネネチキン","ハーフ&ハーフチキン","","",3300,1,0,0,-,0,,,,,,,,"",0,0,0,0
HD0020250903183840865,,,,,,,,,,,,,,,,,,,,,,,,,,,,,,,,,,,,,,,EE4700AA67B84C6698BAB196EA10B551,"ビール、韓国ビール","サントリー生ビール　　中ジョッキ","","",650,2,0,0,-,0,,,,,,,,"",0,0,0,0
HD0020250903183840865,,,,,,,,,,,,,,,,,,,,,,,,,,,,,,,,,,,,,,,EE4700AA67B84C6698BAB196EA10B551,"焼酎、韓国焼酎、チャミスル","チャミスルトクトク マスカット","","",850,1,0,0,-,0,,,,,,,,"",0,0,0,0
HD0020250903183840865,,,,,,,,,,,,,,,,,,,,,,,,,,,,,,,,,,,,,,,EE4700AA67B84C6698BAB196EA10B551,"フレーバー選択","フライド","","",0,1,0,0,-,0,,,,,,,,"",0,0,0,0
HD0020250903183840865,,,,,,,,,,,,,,,,,,,,,,,,,,,,,,,,,,,,,,,EE4700AA67B84C6698BAB196EA10B551,"フレーバー選択","スパイシースノーウイング（甘辛チーズ）","","",0,1,0,0,-,0,,,,,,,,"",0,0,0,0
HD0020250903191815059,2025/09/03,19:18:11,2025/09/03,21:33:20,7040,7040,0,0,0,6400,640,0,7040,640,7100,0,0,0,0,0,0,0,0,0,0,0,60,0,0,0,0,3,9,02:15:09,"A3",0003,"サジャニン","未設定",C842F1DFD8464467A4CD6631A606C9C9,"ソフトドリンク","ジンジャーエール","","",350,1,0,0,-,0,0,0,0,0,0,0,0,"",0,0,0,0
HD0020250903191815059,,,,,,,,,,,,,,,,,,,,,,,,,,,,,,,,,,,,,,,C842F1DFD8464467A4CD6631A606C9C9,"ごはん、麺類、チジミ","辛ラーメン(海鮮卵入り)","","",600,1,0,0,-,0,,,,,,,,"",0,0,0,0
HD0020250903191815059,,,,,,,,,,,,,,,,,,,,,,,,,,,,,,,,,,,,,,,C842F1DFD8464467A4CD6631A606C9C9,"ごはん、麺類、チジミ","盛岡冷麺","","",950,1,0,0,-,0,,,,,,,,"",0,0,0,0
HD0020250903191815059,,,,,,,,,,,,,,,,,,,,,,,,,,,,,,,,,,,,,,,C842F1DFD8464467A4CD6631A606C9C9,"ネネチキン","フライドチキン","ハーフ","",1900,1,0,0,-,0,,,,,,,,"",0,0,0,0
HD0020250903191815059,,,,,,,,,,,,,,,,,,,,,,,,,,,,,,,,,,,,,,,C842F1DFD8464467A4CD6631A606C9C9,"お通し（席料）","席料（お通し）","","",300,3,0,0,-,0,,,,,,,,"",0,0,0,0
HD0020250903191815059,,,,,,,,,,,,,,,,,,,,,,,,,,,,,,,,,,,,,,,C842F1DFD8464467A4CD6631A606C9C9,"焼酎、韓国焼酎、チャミスル","チャミスルトクトク マスカット","","",850,1,0,0,-,0,,,,,,,,"",0,0,0,0
HD0020250903191815059,,,,,,,,,,,,,,,,,,,,,,,,,,,,,,,,,,,,,,,C842F1DFD8464467A4CD6631A606C9C9,"焼酎、韓国焼酎、チャミスル","チャミスルトクトク すもも","","",850,1,0,0,-,0,,,,,,,,"",0,0,0,0
HD0020250903202102451,2025/09/03,20:21:01,2025/09/03,21:55:46,2453,2453,0,0,0,2230,223,0,2453,223,0,0,0,0,0,2453,0,0,0,0,0,0,0,0,0,0,0,1,3,01:34:45,"B2",0003,"サジャニン","未設定",4DBE726D7B3B42248578FA3D9D5E7906,"アラカルト、一品","センマイ刺し","","",980,1,0,0,-,0,0,0,0,0,0,0,0,"",0,0,0,0
HD0020250903202102451,,,,,,,,,,,,,,,,,,,,,,,,,,,,,,,,,,,,,,,4DBE726D7B3B42248578FA3D9D5E7906,"ごはん、麺類、チジミ","チョル麺","","",950,1,0,0,-,0,,,,,,,,"",0,0,0,0
HD0020250903202102451,,,,,,,,,,,,,,,,,,,,,,,,,,,,,,,,,,,,,,,4DBE726D7B3B42248578FA3D9D5E7906,"お通し（席料）","席料（お通し）","","",300,1,0,0,-,0,,,,,,,,"",0,0,0,0
000320250903221809182,2025/09/04,11:41:00,2025/09/04,11:41:00,3006,0,3006,0,0,2784,222,0,3006,222,5006,0,0,0,0,0,0,0,0,0,0,0,2000,0,0,0,0,1,2,00:00:00,"伝票00036183",0003,"サジャニン","未設定",79D13C231451462488D131AC1C1F0274,"テイクアウト","ヤンニョムチキン T.O骨なし","ハーフ","",1950,1,0,0,-,0,0,0,0,0,0,0,0,"",0,0,0,0
000320250903221809182,,,,,,,,,,,,,,,,,,,,,,,,,,,,,,,,,,,,,,,79D13C231451462488D131AC1C1F0274,"テイクアウト","キンパ T.O","","",834,1,0,0,-,0,,,,,,,,"",0,0,0,0
HD0020250904114654737,2025/09/04,11:46:30,2025/09/04,12:41:01,5445,5445,0,0,0,4950,495,0,5445,495,5445,0,0,0,0,0,0,0,0,0,0,0,0,0,0,0,0,4,5,00:54:31,"D個室1",0003,"サジャニン","未設定",5ADA65AE23D34756A44FC48E8D630597,"アラカルト、一品","トッポキ","ノーマル","",800,1,0,0,-,0,0,0,0,0,0,0,0,"",0,0,0,0
HD0020250904114654737,,,,,,,,,,,,,,,,,,,,,,,,,,,,,,,,,,,,,,,5ADA65AE23D34756A44FC48E8D630597,"ごはん、麺類、チジミ","キンパ","","",850,1,0,0,-,0,,,,,,,,"",0,0,0,0
HD0020250904114654737,,,,,,,,,,,,,,,,,,,,,,,,,,,,,,,,,,,,,,,5ADA65AE23D34756A44FC48E8D630597,"ネネチキン","ハーフ&ハーフチキン","","",3300,1,0,0,-,0,,,,,,,,"",0,0,0,0
HD0020250904114654737,,,,,,,,,,,,,,,,,,,,,,,,,,,,,,,,,,,,,,,5ADA65AE23D34756A44FC48E8D630597,"フレーバー選択","ヤンニョム","","",0,1,0,0,-,0,,,,,,,,"",0,0,0,0
HD0020250904114654737,,,,,,,,,,,,,,,,,,,,,,,,,,,,,,,,,,,,,,,5ADA65AE23D34756A44FC48E8D630597,"フレーバー選択","スノーウイング（チーズ）","","",0,1,0,0,-,0,,,,,,,,"",0,0,0,0
HD0020250904115410678,2025/09/04,11:52:38,2025/09/04,12:51:54,2805,2805,0,0,0,2550,255,0,2805,255,0,2805,0,0,0,0,0,0,0,0,0,0,0,0,0,0,0,1,2,00:59:15,"A1",0003,"サジャニン","未設定",2E8DAF21BB7A43158CD16BE0AA510FBB,"揚げ物、フライ","チーズハットク","","",500,1,0,0,-,0,0,0,0,0,0,0,0,"",0,0,0,0
HD0020250904115410678,,,,,,,,,,,,,,,,,,,,,,,,,,,,,,,,,,,,,,,2E8DAF21BB7A43158CD16BE0AA510FBB,"ネネチキン","あり 甘辛チーズ","ハーフ","",2050,1,0,0,-,0,,,,,,,,"",0,0,0,0
HD0020250904122702600,2025/09/04,12:26:08,2025/09/04,13:33:24,3036,3036,0,0,0,2760,276,0,3036,276,0,0,0,0,0,0,0,0,0,0,0,0,0,0,0,0,0,2,4,01:07:16,"A3",0003,"サジャニン","未設定",8A1173B5943746BBBD93A452DCA76F8F,"ランチドリンク+100円","とうもろこし茶","","",100,1,0,0,-,0,0,0,0,0,0,0,0,"",0,0,0,0
HD0020250904122702600,,,,,,,,,,,,,,,,,,,,,,,,,,,,,,,,,,,,,,,8A1173B5943746BBBD93A452DCA76F8F,"ランチドリンク+100円","レモンスカッシュ","","",100,1,0,0,-,0,,,,,,,,"",0,0,0,0
HD0020250904122702600,,,,,,,,,,,,,,,,,,,,,,,,,,,,,,,,,,,,,,,8A1173B5943746BBBD93A452DCA76F8F,"ランチ","海鮮スンドゥブ定食","","",1360,1,0,0,-,0,,,,,,,,"",0,0,0,0
HD0020250904122702600,,,,,,,,,,,,,,,,,,,,,,,,,,,,,,,,,,,,,,,8A1173B5943746BBBD93A452DCA76F8F,"ランチ","野菜たっぷりビビンパ定食","","",1200,1,0,0,-,0,,,,,,,,"",0,0,0,0
HD0020250904123335676,2025/09/04,12:29:21,2025/09/04,13:39:20,8250,8250,0,0,0,7500,750,0,8250,750,0,0,0,0,8250,0,0,0,0,0,0,0,0,0,0,0,0,3,7,01:09:58,"A5",0003,"サジャニン","未設定",FB99587F7C8A4AD9A9743764925CBBD9,"サラダ","チョレギサラダ","","",700,1,0,0,-,0,0,0,0,0,0,0,0,"",0,0,0,0
HD0020250904123335676,,,,,,,,,,,,,,,,,,,,,,,,,,,,,,,,,,,,,,,FB99587F7C8A4AD9A9743764925CBBD9,"スープ、純豆腐など","ワカメスープ","","",500,1,0,0,-,0,,,,,,,,"",0,0,0,0
HD0020250904123335676,,,,,,,,,,,,,,,,,,,,,,,,,,,,,,,,,,,,,,,FB99587F7C8A4AD9A9743764925CBBD9,"トッピング","追加サンチュ","","",400,1,0,0,-,0,,,,,,,,"",0,0,0,0
HD0020250904123335676,,,,,,,,,,,,,,,,,,,,,,,,,,,,,,,,,,,,,,,FB99587F7C8A4AD9A9743764925CBBD9,"プレート料理","チーズサムギョプサル(2人前)300g","","",3400,1,0,0,-,0,,,,,,,,"",0,0,0,0
HD0020250904123335676,,,,,,,,,,,,,,,,,,,,,,,,,,,,,,,,,,,,,,,FB99587F7C8A4AD9A9743764925CBBD9,"ランチドリンク+100円","とうもろこし茶","","",100,1,0,0,-,0,,,,,,,,"",0,0,0,0
HD0020250904123335676,,,,,,,,,,,,,,,,,,,,,,,,,,,,,,,,,,,,,,,FB99587F7C8A4AD9A9743764925CBBD9,"ランチ","石焼ビビンパ定食","","",1100,1,0,0,-,0,,,,,,,,"",0,0,0,0
HD0020250904123335676,,,,,,,,,,,,,,,,,,,,,,,,,,,,,,,,,,,,,,,FB99587F7C8A4AD9A9743764925CBBD9,"ランチ","レモン冷麺定食","","",1300,1,0,0,-,0,,,,,,,,"",0,0,0,0
HD0020250904125106205,2025/09/04,12:46:24,2025/09/04,13:45:07,3960,3960,0,0,0,3600,360,0,3960,360,4000,0,0,0,0,0,0,0,0,0,0,0,40,0,0,0,0,3,3,00:58:43,"B4",0003,"サジャニン","未設定",5BD6E9169BCA48BABC50A4C10C7F33D0,"ランチ","ビビンパ定食","","",1000,1,0,0,-,0,0,0,0,0,0,0,0,"",0,0,0,0
HD0020250904125106205,,,,,,,,,,,,,,,,,,,,,,,,,,,,,,,,,,,,,,,5BD6E9169BCA48BABC50A4C10C7F33D0,"ランチ","ジャジャン麺定食","","",1300,1,0,0,-,0,,,,,,,,"",0,0,0,0
HD0020250904125106205,,,,,,,,,,,,,,,,,,,,,,,,,,,,,,,,,,,,,,,5BD6E9169BCA48BABC50A4C10C7F33D0,"ランチ","レモン冷麺定食","","",1300,1,0,0,-,0,,,,,,,,"",0,0,0,0
HD0020250904124452587,2025/09/04,12:44:17,2025/09/04,13:45:59,4840,4840,0,0,0,4400,440,0,4840,440,0,0,0,0,0,4840,0,0,0,0,0,0,0,0,0,0,0,2,5,01:01:42,"B3",0003,"サジャニン","未設定",E9EC8357D55343A3AF2196F09CF2F036,"ごはん、麺類、チジミ","キンパ","","",850,1,0,0,-,0,0,0,0,0,0,0,0,"",0,0,0,0
HD0020250904124452587,,,,,,,,,,,,,,,,,,,,,,,,,,,,,,,,,,,,,,,E9EC8357D55343A3AF2196F09CF2F036,"ネネチキン","あり ハーフ&ハーフチキン","","",3550,1,0,0,-,0,,,,,,,,"",0,0,0,0
HD0020250904124452587,,,,,,,,,,,,,,,,,,,,,,,,,,,,,,,,,,,,,,,E9EC8357D55343A3AF2196F09CF2F036,"サービス、店員呼び出し、その他","店員呼び出し","","",0,1,0,0,-,0,,,,,,,,"",0,0,0,0
HD0020250904124452587,,,,,,,,,,,,,,,,,,,,,,,,,,,,,,,,,,,,,,,E9EC8357D55343A3AF2196F09CF2F036,"フレーバー選択","カルビ味","","",0,1,0,0,-,0,,,,,,,,"",0,0,0,0
HD0020250904124452587,,,,,,,,,,,,,,,,,,,,,,,,,,,,,,,,,,,,,,,E9EC8357D55343A3AF2196F09CF2F036,"フレーバー選択","スパイシースノーウイング（甘辛チーズ）","","",0,1,0,0,-,0,,,,,,,,"",0,0,0,0
000320250904165704237,2025/09/04,17:59:12,2025/09/04,17:59:12,3564,0,3564,0,0,3300,264,0,3564,264,0,3564,0,0,0,0,0,0,0,0,0,0,0,0,0,0,0,1,1,00:00:00,"伝票00036184",0003,"サジャニン","未設定",2804C168CF3C4832AE46EA1990B15D20,"テイクアウト","NENEハーフ&ハーフ骨なし T.O","通常","",3300,1,0,0,-,0,0,0,0,0,0,0,0,"",0,0,0,0
000320250904180118926,2025/09/04,18:07:31,2025/09/04,18:07:31,3400,0,3400,0,0,3400,251,0,3400,251,0,0,0,0,0,0,0,0,0,0,0,3400,0,0,0,0,0,1,1,00:00:00,"伝票00036186",0003,"サジャニン","未設定",A7C897C97DFC48ECAD6A3E9AF021512F,"未設定","カスタム商品(食品)","","",3400,1,0,0,-,0,0,0,3400,0,0,0,0,"",0,0,0,0
000320250904180914582,2025/09/04,18:09:26,2025/09/04,18:09:26,3130,0,3130,0,0,3130,231,0,3130,231,0,0,0,0,0,0,0,0,0,0,0,3130,0,0,0,0,0,1,1,00:00:00,"伝票00036187",0003,"サジャニン","未設定",761718CF5BA14DD399D8384BC23F253F,"未設定","カスタム商品(食品)","","",3130,1,0,0,-,0,0,0,0,3130,0,0,0,"",0,0,0,0
000320250904180943790,2025/09/04,18:09:57,2025/09/04,18:09:57,2050,0,2050,0,0,2050,151,0,2050,151,0,0,0,0,0,0,0,0,0,0,0,2050,0,0,0,0,0,1,1,00:00:00,"伝票00036188",0003,"サジャニン","未設定",101B220D64A94505B18479ACF142EA81,"未設定","カスタム商品(食品)","","",2050,1,0,0,-,0,0,0,2050,0,0,0,0,"",0,0,0,0
000320250904181008648,2025/09/04,18:10:31,2025/09/04,18:10:31,2710,0,2710,0,0,2710,200,0,2710,200,0,0,0,0,0,0,0,0,0,0,0,2710,0,0,0,0,0,1,1,00:00:00,"伝票00036189",0003,"サジャニン","未設定",2F66BA3BB37F4C018FF5BE84C592C104,"未設定","カスタム商品(食品)","","",2710,1,0,0,-,0,0,0,2710,0,0,0,0,"",0,0,0,0
000320250904181044337,2025/09/04,18:10:53,2025/09/04,18:10:53,2960,0,2960,0,0,2960,219,0,2960,219,0,0,0,0,0,0,0,0,0,0,0,2960,0,0,0,0,0,1,1,00:00:00,"伝票00036190",0003,"サジャニン","未設定",9EE68085EB774047A032725138183428,"未設定","カスタム商品(食品)","","",2960,1,0,0,-,0,0,0,2960,0,0,0,0,"",0,0,0,0
000320250904181104479,2025/09/04,18:11:11,2025/09/04,18:11:11,2700,0,2700,0,0,2700,200,0,2700,200,0,0,0,0,0,0,0,0,0,0,0,2700,0,0,0,0,0,1,1,00:00:00,"伝票00036191",0003,"サジャニン","未設定",A95460BE3EFA4739BC9F77FE042123FD,"未設定","カスタム商品(食品)","","",2700,1,0,0,-,0,0,0,0,2700,0,0,0,"",0,0,0,0
000320250904181120068,2025/09/04,18:11:30,2025/09/04,18:11:30,1520,0,1520,0,0,1520,112,0,1520,112,0,0,0,0,0,0,0,0,0,0,0,1520,0,0,0,0,0,1,1,00:00:00,"伝票00036192",0003,"サジャニン","未設定",82F36345510241378394F3224629754A,"未設定","カスタム商品(食品)","","",1520,1,0,0,-,0,0,0,0,1520,0,0,0,"",0,0,0,0
000320250904181140576,2025/09/04,18:34:11,2025/09/04,18:34:11,1850,0,1850,0,0,1850,137,0,1850,137,0,0,0,0,0,0,0,0,0,0,0,1850,0,0,0,0,0,1,1,00:00:00,"伝票00036193",0003,"サジャニン","未設定",209D427E67974400890C78432E0F8CCB,"未設定","カスタム商品(食品)","","",1850,1,0,0,-,0,0,0,1850,0,0,0,0,"",0,0,0,0
000320250904183420502,2025/09/04,18:36:19,2025/09/04,18:36:19,2214,0,2214,0,0,2050,164,0,2214,164,0,2214,0,0,0,0,0,0,0,0,0,0,0,0,0,0,0,1,1,00:00:00,"伝票00036194",0003,"サジャニン","未設定",F66F11705BC64F31AAF449BD1FFFFC6F,"テイクアウト","ヤンニョムチキン T.O骨あり","ハーフ","",2050,1,0,0,-,0,0,0,0,0,0,0,0,"",0,0,0,0
000320250904183659325,2025/09/04,19:08:28,2025/09/04,19:08:28,3010,0,3010,0,0,3010,222,0,3010,222,0,0,0,0,0,0,0,0,0,0,0,3010,0,0,0,0,0,1,1,00:00:00,"伝票00036195",0003,"サジャニン","未設定",D11B844E8EDB4926880A267F518F8EC5,"未設定","カスタム商品(食品)","","",3010,1,0,0,-,0,0,0,0,3010,0,0,0,"",0,0,0,0
000320250904191911713,2025/09/04,19:33:40,2025/09/04,19:33:40,4100,0,4100,0,0,4100,303,0,4100,303,0,0,0,0,0,0,0,0,0,0,0,4100,0,0,0,0,0,1,1,00:00:00,"伝票00036196",0003,"サジャニン","未設定",BB9D9E48658044BEA4A0A7BCF3A7377F,"未設定","カスタム商品(食品)","","",4100,1,0,0,-,0,0,0,0,4100,0,0,0,"",0,0,0,0
HD0020250904185644574,2025/09/04,18:56:43,2025/09/04,20:02:20,3938,3938,0,0,0,3580,358,0,3938,358,5038,0,0,0,0,0,0,0,0,0,0,0,1100,0,0,0,0,1,4,01:05:37,"A4",0003,"サジャニン","未設定",68002E2E420D4DF58B3754F0796E4B3C,"ごはん、麺類、チジミ","白ごはん","普通盛り","",280,1,0,0,-,0,0,0,0,0,0,0,0,"",0,0,0,0
HD0020250904185644574,,,,,,,,,,,,,,,,,,,,,,,,,,,,,,,,,,,,,,,68002E2E420D4DF58B3754F0796E4B3C,"スープ、純豆腐など","スンドゥブ","チーズスンドゥブ","",1000,1,0,0,-,0,,,,,,,,"",0,0,0,0
HD0020250904185644574,,,,,,,,,,,,,,,,,,,,,,,,,,,,,,,,,,,,,,,68002E2E420D4DF58B3754F0796E4B3C,"ネネチキン","ヤンニョムチキン","ハーフ","",2000,1,0,0,-,0,,,,,,,,"",0,0,0,0
HD0020250904185644574,,,,,,,,,,,,,,,,,,,,,,,,,,,,,,,,,,,,,,,68002E2E420D4DF58B3754F0796E4B3C,"お通し（席料）","席料（お通し）","","",300,1,0,0,-,0,,,,,,,,"",0,0,0,0
HD0020250904185205639,2025/09/04,18:51:08,2025/09/04,20:16:36,6842,6842,0,0,0,6220,622,0,6842,622,7131,0,0,0,0,0,0,0,0,0,0,0,289,0,0,0,0,4,9,01:25:28,"B4",0003,"サジャニン","未設定",EA81845D66AC457396D76FD0299EDA08,"韓国ソフトドリンク","ボンボン ブドウ","","",380,2,0,0,-,0,0,0,0,0,0,0,0,"",0,0,0,0
HD0020250904185205639,,,,,,,,,,,,,,,,,,,,,,,,,,,,,,,,,,,,,,,EA81845D66AC457396D76FD0299EDA08,"韓国ソフトドリンク","ナシジュース","","",380,1,0,0,-,0,,,,,,,,"",0,0,0,0
HD0020250904185205639,,,,,,,,,,,,,,,,,,,,,,,,,,,,,,,,,,,,,,,EA81845D66AC457396D76FD0299EDA08,"韓国ソフトドリンク","チルソンサイダー","","",380,1,0,0,-,0,,,,,,,,"",0,0,0,0
HD0020250904185205639,,,,,,,,,,,,,,,,,,,,,,,,,,,,,,,,,,,,,,,EA81845D66AC457396D76FD0299EDA08,"プレート料理","ネネUFOフォンデュ(2人前)10本","","",3100,1,0,0,-,0,,,,,,,,"",0,0,0,0
HD0020250904185205639,,,,,,,,,,,,,,,,,,,,,,,,,,,,,,,,,,,,,,,EA81845D66AC457396D76FD0299EDA08,"ごはん、麺類、チジミ","キンパ","","",850,1,0,0,-,0,,,,,,,,"",0,0,0,0
HD0020250904185205639,,,,,,,,,,,,,,,,,,,,,,,,,,,,,,,,,,,,,,,EA81845D66AC457396D76FD0299EDA08,"トッピング","ヤンニョムチキン","","",0,1,0,0,-,0,,,,,,,,"",0,0,0,0
HD0020250904185205639,,,,,,,,,,,,,,,,,,,,,,,,,,,,,,,,,,,,,,,EA81845D66AC457396D76FD0299EDA08,"トッピング","スノーウイング（チーズ）","","",0,1,0,0,-,0,,,,,,,,"",0,0,0,0
HD0020250904185205639,,,,,,,,,,,,,,,,,,,,,,,,,,,,,,,,,,,,,,,EA81845D66AC457396D76FD0299EDA08,"揚げ物、フライ","チーズボール","","",750,1,0,0,-,0,,,,,,,,"",0,0,0,0
HD0020250904190336757,2025/09/04,19:03:34,2025/09/04,20:20:59,12518,9548,2970,0,0,11430,1088,0,12518,1088,0,12518,0,0,0,0,0,0,0,0,0,0,0,0,0,0,0,2,12,01:17:25,"A3",0003,"サジャニン","未設定",8A4210A285AB4B39B75CDE4049E8F1C1,"プレート料理","チーズタッカルビ(2人前)","","",3200,1,0,0,-,0,0,0,0,0,0,0,0,"",0,0,0,0
HD0020250904190336757,,,,,,,,,,,,,,,,,,,,,,,,,,,,,,,,,,,,,,,8A4210A285AB4B39B75CDE4049E8F1C1,"ごはん、麺類、チジミ","ビビンパ","石焼ビビンパ","",1200,1,0,0,-,0,,,,,,,,"",0,0,0,0
HD0020250904190336757,,,,,,,,,,,,,,,,,,,,,,,,,,,,,,,,,,,,,,,8A4210A285AB4B39B75CDE4049E8F1C1,"カクテル各種","カシスソーダ","","",550,1,0,0,-,0,,,,,,,,"",0,0,0,0
HD0020250904190336757,,,,,,,,,,,,,,,,,,,,,,,,,,,,,,,,,,,,,,,8A4210A285AB4B39B75CDE4049E8F1C1,"チューハイ各種","しょっぱい梅チューハイ","","",550,1,0,0,-,0,,,,,,,,"",0,0,0,0
HD0020250904190336757,,,,,,,,,,,,,,,,,,,,,,,,,,,,,,,,,,,,,,,8A4210A285AB4B39B75CDE4049E8F1C1,"テイクアウト","フライドチキン T.O骨なし","ハーフ","",1900,1,0,0,-,0,,,,,,,,"",0,0,0,0
HD0020250904190336757,,,,,,,,,,,,,,,,,,,,,,,,,,,,,,,,,,,,,,,8A4210A285AB4B39B75CDE4049E8F1C1,"ネネチキン","しんちゃんエコバッグ","","",100,1,0,0,-,0,,,,,,,,"",0,0,0,0
HD0020250904190336757,,,,,,,,,,,,,,,,,,,,,,,,,,,,,,,,,,,,,,,8A4210A285AB4B39B75CDE4049E8F1C1,"お通し（席料）","席料（お通し）","","",300,2,0,0,-,0,,,,,,,,"",0,0,0,0
HD0020250904190336757,,,,,,,,,,,,,,,,,,,,,,,,,,,,,,,,,,,,,,,8A4210A285AB4B39B75CDE4049E8F1C1,"ビール、韓国ビール","サントリー生ビール　　中ジョッキ","","",650,1,0,0,-,0,,,,,,,,"",0,0,0,0
HD0020250904190336757,,,,,,,,,,,,,,,,,,,,,,,,,,,,,,,,,,,,,,,8A4210A285AB4B39B75CDE4049E8F1C1,"焼酎、韓国焼酎、チャミスル","チャミスルトクトク マスカット","","",850,1,0,0,-,0,,,,,,,,"",0,0,0,0
HD0020250904190336757,,,,,,,,,,,,,,,,,,,,,,,,,,,,,,,,,,,,,,,8A4210A285AB4B39B75CDE4049E8F1C1,"ごはん、麺類、チジミ","やさいチヂミ(野菜)","","",980,1,0,0,-,0,,,,,,,,"",0,0,0,0
HD0020250904190336757,,,,,,,,,,,,,,,,,,,,,,,,,,,,,,,,,,,,,,,8A4210A285AB4B39B75CDE4049E8F1C1,"テイクアウト","マンドゥT.O","肉マンドゥ","",850,1,0,0,-,0,,,,,,,,"",0,0,0,0
000320250904202831535,2025/09/04,20:28:41,2025/09/04,20:28:41,1800,0,1800,0,0,1800,133,0,1800,133,0,0,0,0,0,0,0,0,0,0,0,1800,0,0,0,0,0,1,1,00:00:00,"伝票00036198",0003,"サジャニン","未設定",53093163BAF7421E8528E104F5405324,"未設定","カスタム商品(食品)","","",1800,1,0,0,-,0,0,0,1800,0,0,0,0,"",0,0,0,0
000320250904203246059,2025/09/04,21:27:40,2025/09/04,21:27:40,7344,0,7344,0,0,6800,544,0,7344,544,0,7344,0,0,0,0,0,0,0,0,0,0,0,0,0,0,0,1,2,00:00:00,"伝票00036199",0003,"サジャニン","未設定",CE0DBC0E7364435F9202C4FBADE96C3B,"テイクアウト","ヤンニョムチキン T.O骨なし","1羽","",3250,1,0,0,-,0,0,0,0,0,0,0,0,"",0,0,0,0
000320250904203246059,,,,,,,,,,,,,,,,,,,,,,,,,,,,,,,,,,,,,,,CE0DBC0E7364435F9202C4FBADE96C3B,"テイクアウト","チョンヤンマヨチキン T.O骨なし","1羽","",3550,1,0,0,-,0,,,,,,,,"",0,0,0,0
HD0020250904204600765,2025/09/04,20:45:58,2025/09/04,21:36:13,8525,8525,0,0,0,7750,775,0,8525,775,8525,0,0,0,0,0,0,0,0,0,0,0,0,0,0,0,0,2,14,00:50:15,"A3",0003,"サジャニン","未設定",0A37C26EB17B45119C3DB604CF94DDEF,"揚げ物、フライ","フライドポテト","","",650,1,0,0,-,0,0,0,0,0,0,0,0,"",0,0,0,0
HD0020250904204600765,,,,,,,,,,,,,,,,,,,,,,,,,,,,,,,,,,,,,,,0A37C26EB17B45119C3DB604CF94DDEF,"アラカルト、一品","センマイ刺し","","",980,1,0,0,-,0,,,,,,,,"",0,0,0,0
HD0020250904204600765,,,,,,,,,,,,,,,,,,,,,,,,,,,,,,,,,,,,,,,0A37C26EB17B45119C3DB604CF94DDEF,"ネネチキン","NENE BOX（箱）","","",70,1,0,0,-,0,,,,,,,,"",0,0,0,0
HD0020250904204600765,,,,,,,,,,,,,,,,,,,,,,,,,,,,,,,,,,,,,,,0A37C26EB17B45119C3DB604CF94DDEF,"お通し（席料）","席料（お通し）","","",300,2,0,0,-,0,,,,,,,,"",0,0,0,0
HD0020250904204600765,,,,,,,,,,,,,,,,,,,,,,,,,,,,,,,,,,,,,,,0A37C26EB17B45119C3DB604CF94DDEF,"ネネチキン","あり ハーフ&ハーフチキン","","",3550,1,0,0,-,0,,,,,,,,"",0,0,0,0
HD0020250904204600765,,,,,,,,,,,,,,,,,,,,,,,,,,,,,,,,,,,,,,,0A37C26EB17B45119C3DB604CF94DDEF,"ソフトドリンク","ソフトドリンク飲み放題（80分）韓国ジュース不可","","",500,2,0,0,-,0,,,,,,,,"",0,0,0,0
HD0020250904204600765,,,,,,,,,,,,,,,,,,,,,,,,,,,,,,,,,,,,,,,0A37C26EB17B45119C3DB604CF94DDEF,"フレーバー選択","ヤンニョム","","",0,2,0,0,-,0,,,,,,,,"",0,0,0,0
HD0020250904204600765,,,,,,,,,,,,,,,,,,,,,,,,,,,,,,,,,,,,,,,0A37C26EB17B45119C3DB604CF94DDEF,"フレーバー選択","スノーウイング（チーズ）","","",0,1,0,0,-,0,,,,,,,,"",0,0,0,0
HD0020250904204600765,,,,,,,,,,,,,,,,,,,,,,,,,,,,,,,,,,,,,,,0A37C26EB17B45119C3DB604CF94DDEF,"フレーバー選択","カルビ味","","",0,1,0,0,-,0,,,,,,,,"",0,0,0,0
HD0020250904204600765,,,,,,,,,,,,,,,,,,,,,,,,,,,,,,,,,,,,,,,0A37C26EB17B45119C3DB604CF94DDEF,"ポテトフレーバー選択","ハニーバター","","",50,1,0,0,-,0,,,,,,,,"",0,0,0,0
HD0020250904204600765,,,,,,,,,,,,,,,,,,,,,,,,,,,,,,,,,,,,,,,0A37C26EB17B45119C3DB604CF94DDEF,"エビカンジョン","エビカンジョンハーフ＆ハーフ（2種6P）","","",850,1,0,0,-,0,,,,,,,,"",0,0,0,0
HD0020250904195643648,2025/09/04,19:56:30,2025/09/04,22:01:13,6468,6468,0,0,0,5880,588,0,6468,588,0,6468,0,0,0,0,0,0,0,0,0,0,0,0,0,0,0,2,8,02:04:43,"A5",0003,"サジャニン","未設定",9B1E8CA2799646C3BD42C8C6D334BF31,"韓国ソフトドリンク","チルソンサイダー","","",380,1,0,0,-,0,0,0,0,0,0,0,0,"",0,0,0,0
HD0020250904195643648,,,,,,,,,,,,,,,,,,,,,,,,,,,,,,,,,,,,,,,9B1E8CA2799646C3BD42C8C6D334BF31,"アラカルト、一品","キムチ 白菜","","",450,1,0,0,-,0,,,,,,,,"",0,0,0,0
HD0020250904195643648,,,,,,,,,,,,,,,,,,,,,,,,,,,,,,,,,,,,,,,9B1E8CA2799646C3BD42C8C6D334BF31,"ごはん、麺類、チジミ","チーズキンパ","","",1200,1,0,0,-,0,,,,,,,,"",0,0,0,0
HD0020250904195643648,,,,,,,,,,,,,,,,,,,,,,,,,,,,,,,,,,,,,,,9B1E8CA2799646C3BD42C8C6D334BF31,"スープ、純豆腐など","ユッケジャン","","",1000,1,0,0,-,0,,,,,,,,"",0,0,0,0
HD0020250904195643648,,,,,,,,,,,,,,,,,,,,,,,,,,,,,,,,,,,,,,,9B1E8CA2799646C3BD42C8C6D334BF31,"ネネチキン","フライドチキン","ハーフ","",1900,1,0,0,-,0,,,,,,,,"",0,0,0,0
HD0020250904195643648,,,,,,,,,,,,,,,,,,,,,,,,,,,,,,,,,,,,,,,9B1E8CA2799646C3BD42C8C6D334BF31,"ソフトドリンク","白ぶどうジュース","","",350,1,0,0,-,0,,,,,,,,"",0,0,0,0
HD0020250904195643648,,,,,,,,,,,,,,,,,,,,,,,,,,,,,,,,,,,,,,,9B1E8CA2799646C3BD42C8C6D334BF31,"お通し（席料）","席料（お通し）","","",300,2,0,0,-,0,,,,,,,,"",0,0,0,0
HD0020250904182850015,2025/09/04,18:28:48,2025/09/04,22:03:04,10340,10340,0,0,0,9400,940,0,10340,940,0,10340,0,0,0,0,0,0,0,0,0,0,0,0,0,0,0,3,13,03:34:16,"D個室1",0003,"サジャニン","未設定",70CF207CC0C844369AD2F3E5BF43AE11,"ソフトドリンク","ウーロン茶","アイス","",350,1,0,0,-,0,0,0,0,0,0,0,0,"",0,0,0,0
HD0020250904182850015,,,,,,,,,,,,,,,,,,,,,,,,,,,,,,,,,,,,,,,70CF207CC0C844369AD2F3E5BF43AE11,"ソフトドリンク","とうもろこし茶","アイス","",350,1,0,0,-,0,,,,,,,,"",0,0,0,0
HD0020250904182850015,,,,,,,,,,,,,,,,,,,,,,,,,,,,,,,,,,,,,,,70CF207CC0C844369AD2F3E5BF43AE11,"ごはん、麺類、チジミ","ビビンパ","石焼ビビンパ","",1200,1,0,0,-,0,,,,,,,,"",0,0,0,0
HD0020250904182850015,,,,,,,,,,,,,,,,,,,,,,,,,,,,,,,,,,,,,,,70CF207CC0C844369AD2F3E5BF43AE11,"ごはん、麺類、チジミ","キンパ","","",850,1,0,0,-,0,,,,,,,,"",0,0,0,0
HD0020250904182850015,,,,,,,,,,,,,,,,,,,,,,,,,,,,,,,,,,,,,,,70CF207CC0C844369AD2F3E5BF43AE11,"ネネチキン","ヤンニョムチキン","1羽","",3250,1,0,0,-,0,,,,,,,,"",0,0,0,0
HD0020250904182850015,,,,,,,,,,,,,,,,,,,,,,,,,,,,,,,,,,,,,,,70CF207CC0C844369AD2F3E5BF43AE11,"ソフトドリンク","レモネード","","",350,1,0,0,-,0,,,,,,,,"",0,0,0,0
HD0020250904182850015,,,,,,,,,,,,,,,,,,,,,,,,,,,,,,,,,,,,,,,70CF207CC0C844369AD2F3E5BF43AE11,"お通し（席料）","席料（お通し）","","",300,3,0,0,-,0,,,,,,,,"",0,0,0,0
HD0020250904182850015,,,,,,,,,,,,,,,,,,,,,,,,,,,,,,,,,,,,,,,70CF207CC0C844369AD2F3E5BF43AE11,"フレーバー選択","カルビ味","","",0,1,0,0,-,0,,,,,,,,"",0,0,0,0
HD0020250904182850015,,,,,,,,,,,,,,,,,,,,,,,,,,,,,,,,,,,,,,,70CF207CC0C844369AD2F3E5BF43AE11,"フレーバー選択","ホットブリング","","",0,1,0,0,-,0,,,,,,,,"",0,0,0,0
HD0020250904182850015,,,,,,,,,,,,,,,,,,,,,,,,,,,,,,,,,,,,,,,70CF207CC0C844369AD2F3E5BF43AE11,"アラカルト、一品","ロゼトッポキ　タンミョン入り（極太春雨）","","",1300,1,0,0,-,0,,,,,,,,"",0,0,0,0
HD0020250904182850015,,,,,,,,,,,,,,,,,,,,,,,,,,,,,,,,,,,,,,,70CF207CC0C844369AD2F3E5BF43AE11,"エビカンジョン","エビカンジョンハーフ＆ハーフ（2種6P）","","",850,1,0,0,-,0,,,,,,,,"",0,0,0,0
000320250904203353091,2025/09/04,22:04:13,2025/09/04,22:04:13,4393,0,4393,0,0,4068,325,0,4393,325,5000,0,0,0,0,0,0,0,0,0,0,0,607,0,0,0,0,1,4,00:00:00,"伝票00036201",0003,"サジャニン","未設定",CB996360B13444E78E52CEB4D06913D9,"テイクアウト","チヂミ  T.O","海鮮","",1200,2,0,0,-,0,0,0,0,0,0,0,0,"",0,0,0,0
000320250904203353091,,,,,,,,,,,,,,,,,,,,,,,,,,,,,,,,,,,,,,,CB996360B13444E78E52CEB4D06913D9,"テイクアウト","キンパ T.O","","",834,2,0,0,-,0,,,,,,,,"",0,0,0,0
000320250904203409063,2025/09/04,22:04:47,2025/09/04,22:04:47,3510,0,3510,0,0,3250,260,0,3510,260,3510,0,0,0,0,0,0,0,0,0,0,0,0,0,0,0,0,1,1,00:00:00,"伝票00036202",0003,"サジャニン","未設定",19CB658F79FC4157B044EDB8C3EA4082,"テイクアウト","ヤンニョムチキン T.O骨なし","1羽","",3250,1,0,0,-,0,0,0,0,0,0,0,0,"",0,0,0,0
000320250904221118010,2025/09/05,12:08:44,2025/09/05,12:08:44,2052,0,2052,0,0,1900,152,0,2052,152,2060,0,0,0,0,0,0,0,0,0,0,0,8,0,0,0,0,1,1,00:00:00,"伝票00036205",0003,"サジャニン","未設定",04213D23CAD14134AF8D5EEBAD322087,"テイクアウト","フライドチキン T.O骨なし","ハーフ","",1900,1,0,0,-,0,0,0,0,0,0,0,0,"",0,0,0,0
000320250905124203887,2025/09/05,12:42:14,2025/09/05,12:42:14,15000,0,15000,0,0,15000,1111,0,15000,1111,0,0,0,0,0,0,0,0,0,0,0,15000,0,0,0,0,0,1,12,00:00:00,"伝票00036206",0003,"サジャニン","未設定",F7EE312CE5E44426B4543D6C17AA1005,"未設定","カスタム商品(食品)","","",1250,12,0,0,-,0,0,0,0,0,0,15000,0,"",0,0,0,0
000320250905130617992,2025/09/05,13:06:24,2025/09/05,13:06:24,2480,0,2480,0,0,2480,183,0,2480,183,0,0,0,0,0,0,0,0,0,0,0,2480,0,0,0,0,0,1,1,00:00:00,"伝票00036207",0003,"サジャニン","未設定",97BB29DAFBCA4C5396F603FA10915E6D,"未設定","カスタム商品(食品)","","",2480,1,0,0,-,0,0,0,0,2480,0,0,0,"",0,0,0,0
000320250905130830863,2025/09/05,13:08:37,2025/09/05,13:08:37,2710,0,2710,0,0,2710,200,0,2710,200,0,0,0,0,0,0,0,0,0,0,0,2710,0,0,0,0,0,1,1,00:00:00,"伝票00036208",0003,"サジャニン","未設定",C56021617D0747E3AFAD6D052E7D5D70,"未設定","カスタム商品(食品)","","",2710,1,0,0,-,0,0,0,0,2710,0,0,0,"",0,0,0,0
HD0020250905121523327,2025/09/05,12:14:04,2025/09/05,13:20:00,3025,3025,0,0,0,2750,275,0,3025,275,3025,0,0,0,0,0,0,0,0,0,0,0,0,0,0,0,0,2,3,01:05:55,"A3",0003,"サジャニン","未設定",CEBF3B2CD48C47C681E9103EB31A715E,"ごはん、麺類、チジミ","チーズキンパ","","",1200,2,0,0,-,0,0,0,0,0,0,0,0,"",0,0,0,0
HD0020250905121523327,,,,,,,,,,,,,,,,,,,,,,,,,,,,,,,,,,,,,,,CEBF3B2CD48C47C681E9103EB31A715E,"デザート、スナック","ソトックソトック","","",350,1,0,0,-,0,,,,,,,,"",0,0,0,0
HD0020250905121531841,2025/09/05,12:09:36,2025/09/05,13:29:55,7084,7084,0,0,0,6440,644,0,7084,644,0,0,0,7084,0,0,0,0,0,0,0,0,0,0,0,0,0,2,7,01:20:19,"A1",0003,"サジャニン","未設定",12F1A500E26E439989520DFEAE92903F,"韓国ソフトドリンク","ボンボン ブドウ","","",380,1,0,0,-,0,0,0,0,0,0,0,0,"",0,0,0,0
HD0020250905121531841,,,,,,,,,,,,,,,,,,,,,,,,,,,,,,,,,,,,,,,12F1A500E26E439989520DFEAE92903F,"韓国ソフトドリンク","チルソンサイダー","","",380,1,0,0,-,0,,,,,,,,"",0,0,0,0
HD0020250905121531841,,,,,,,,,,,,,,,,,,,,,,,,,,,,,,,,,,,,,,,12F1A500E26E439989520DFEAE92903F,"ごはん、麺類、チジミ","チーズキンパ","","",1200,1,0,0,-,0,,,,,,,,"",0,0,0,0
HD0020250905121531841,,,,,,,,,,,,,,,,,,,,,,,,,,,,,,,,,,,,,,,12F1A500E26E439989520DFEAE92903F,"ネネチキン","ハーフ&ハーフチキン","","",3300,1,0,0,-,0,,,,,,,,"",0,0,0,0
HD0020250905121531841,,,,,,,,,,,,,,,,,,,,,,,,,,,,,,,,,,,,,,,12F1A500E26E439989520DFEAE92903F,"ごはん、麺類、チジミ","やさいチヂミ(野菜)","","",980,1,0,0,-,0,,,,,,,,"",0,0,0,0
HD0020250905121531841,,,,,,,,,,,,,,,,,,,,,,,,,,,,,,,,,,,,,,,12F1A500E26E439989520DFEAE92903F,"フレーバー選択","スノーウイング（チーズ）","","",0,1,0,0,-,0,,,,,,,,"",0,0,0,0
HD0020250905121531841,,,,,,,,,,,,,,,,,,,,,,,,,,,,,,,,,,,,,,,12F1A500E26E439989520DFEAE92903F,"フレーバー選択","クリミオン","","",200,1,0,0,-,0,,,,,,,,"",0,0,0,0
000320250905172928317,2025/09/05,17:29:39,2025/09/05,17:29:39,3800,0,3800,0,0,3800,281,0,3800,281,0,0,0,0,0,0,0,0,0,0,0,3800,0,0,0,0,0,1,1,00:00:00,"伝票00036210",0003,"サジャニン","未設定",9031E960DDB74058A35D9B96E4107BD5,"未設定","カスタム商品(食品)","","",3800,1,0,0,-,0,0,0,0,3800,0,0,0,"",0,0,0,0
000320250905172943550,2025/09/05,17:29:48,2025/09/05,17:29:48,1740,0,1740,0,0,1740,128,0,1740,128,0,0,0,0,0,0,0,0,0,0,0,1740,0,0,0,0,0,1,1,00:00:00,"伝票00036211",0003,"サジャニン","未設定",D2F46288AD9143799C8B7CF853A7B17A,"未設定","カスタム商品(食品)","","",1740,1,0,0,-,0,0,0,0,1740,0,0,0,"",0,0,0,0
000320250905172952747,2025/09/05,17:29:59,2025/09/05,17:29:59,2210,0,2210,0,0,2210,163,0,2210,163,0,0,0,0,0,0,0,0,0,0,0,2210,0,0,0,0,0,1,1,00:00:00,"伝票00036212",0003,"サジャニン","未設定",F5E5A5B770024D1A9B50D4D80AB7CAAA,"未設定","カスタム商品(食品)","","",2210,1,0,0,-,0,0,0,0,2210,0,0,0,"",0,0,0,0
RB0220250905174506000,2025/09/05,17:45:06,2025/09/05,17:53:46,3870,0,3870,0,0,3584,286,0,3870,286,0,0,0,0,0,3870,0,0,0,0,0,0,0,0,0,0,0,3,3,00:08:40,"A3",0003,"サジャニン","未設定",974507B6EBEB40D09015738F504C53DF,"テイクアウト","ヤンニョムチキン T.O骨なし","ハーフ","",1950,1,0,0,-,0,0,0,0,0,0,0,0,"",0,0,0,0
RB0220250905174506000,,,,,,,,,,,,,,,,,,,,,,,,,,,,,,,,,,,,,,,974507B6EBEB40D09015738F504C53DF,"テイクアウト","トッポッキ T.O","トッポキ","",800,1,0,0,-,0,,,,,,,,"",0,0,0,0
RB0220250905174506000,,,,,,,,,,,,,,,,,,,,,,,,,,,,,,,,,,,,,,,974507B6EBEB40D09015738F504C53DF,"テイクアウト","キンパ T.O","","",834,1,0,0,-,0,,,,,,,,"",0,0,0,0
HD0020250905181218296,2025/09/05,18:12:16,2025/09/05,18:58:57,8503,8503,0,0,0,7730,773,0,8503,773,0,7673,0,0,0,0,0,0,0,0,0,830,0,0,0,0,0,3,12,00:46:40,"A3",0003,"サジャニン","未設定",90C3392C2F714723AA0A06427BD3774A,"ソフトドリンク","とうもろこし茶","ホット","",400,1,0,0,-,0,0,0,0,0,0,830,0,"",0,0,0,0
HD0020250905181218296,,,,,,,,,,,,,,,,,,,,,,,,,,,,,,,,,,,,,,,90C3392C2F714723AA0A06427BD3774A,"ソフトドリンク","とうもろこし茶","アイス","",350,2,0,0,-,0,,,,,,,,"",0,0,0,0
HD0020250905181218296,,,,,,,,,,,,,,,,,,,,,,,,,,,,,,,,,,,,,,,90C3392C2F714723AA0A06427BD3774A,"ごはん、麺類、チジミ","チーズキンパ","","",1200,1,0,0,-,0,,,,,,,,"",0,0,0,0
HD0020250905181218296,,,,,,,,,,,,,,,,,,,,,,,,,,,,,,,,,,,,,,,90C3392C2F714723AA0A06427BD3774A,"お通し（席料）","席料（お通し）","","",300,3,0,0,-,0,,,,,,,,"",0,0,0,0
HD0020250905181218296,,,,,,,,,,,,,,,,,,,,,,,,,,,,,,,,,,,,,,,90C3392C2F714723AA0A06427BD3774A,"ネネチキン","ハーフ&ハーフチキン","","",3300,1,0,0,-,0,,,,,,,,"",0,0,0,0
HD0020250905181218296,,,,,,,,,,,,,,,,,,,,,,,,,,,,,,,,,,,,,,,90C3392C2F714723AA0A06427BD3774A,"デザート、スナック","ソトックソトック","","",350,1,0,0,-,0,,,,,,,,"",0,0,0,0
HD0020250905181218296,,,,,,,,,,,,,,,,,,,,,,,,,,,,,,,,,,,,,,,90C3392C2F714723AA0A06427BD3774A,"アラカルト、一品","マンドゥ（ギョウザ）ハーフ＆ハーフ","","",880,1,0,0,-,0,,,,,,,,"",0,0,0,0
HD0020250905181218296,,,,,,,,,,,,,,,,,,,,,,,,,,,,,,,,,,,,,,,90C3392C2F714723AA0A06427BD3774A,"フレーバー選択","ヤンニョム","","",0,1,0,0,-,0,,,,,,,,"",0,0,0,0
HD0020250905181218296,,,,,,,,,,,,,,,,,,,,,,,,,,,,,,,,,,,,,,,90C3392C2F714723AA0A06427BD3774A,"フレーバー選択","フライド","","",0,1,0,0,-,0,,,,,,,,"",0,0,0,0
000320250905181154779,2025/09/05,19:07:06,2025/09/05,19:07:06,2314,10,2304,0,0,2144,170,0,2314,170,0,0,0,0,0,2314,0,0,0,0,0,0,0,0,0,0,0,1,4,00:00:00,"伝票00036214",0003,"サジャニン","未設定",853B90B39977464E8D313888BC5F3849,"テイクアウト","レジ袋　　何枚でも","","",10,1,0,0,-,0,0,0,0,0,0,0,0,"",0,0,0,0
000320250905181154779,,,,,,,,,,,,,,,,,,,,,,,,,,,,,,,,,,,,,,,853B90B39977464E8D313888BC5F3849,"テイクアウト","チーズハットク T.O","","",500,1,0,0,-,0,,,,,,,,"",0,0,0,0
000320250905181154779,,,,,,,,,,,,,,,,,,,,,,,,,,,,,,,,,,,,,,,853B90B39977464E8D313888BC5F3849,"テイクアウト","トッポッキ T.O","トッポキ","",800,1,0,0,-,0,,,,,,,,"",0,0,0,0
000320250905181154779,,,,,,,,,,,,,,,,,,,,,,,,,,,,,,,,,,,,,,,853B90B39977464E8D313888BC5F3849,"テイクアウト","キンパ T.O","","",834,1,0,0,-,0,,,,,,,,"",0,0,0,0
HD0020250905181313169,2025/09/05,18:13:11,2025/09/05,19:19:28,8503,8503,0,0,0,7730,773,0,8503,773,0,0,0,0,0,0,0,0,0,0,0,0,0,0,0,0,0,2,12,01:06:17,"A5",0003,"サジャニン","未設定",5E48D6642A1242E2BB5405332AD823A1,"ソフトドリンク","ジンジャーエール","","",350,1,0,0,-,0,0,0,0,0,0,0,0,"",0,0,0,0
HD0020250905181313169,,,,,,,,,,,,,,,,,,,,,,,,,,,,,,,,,,,,,,,5E48D6642A1242E2BB5405332AD823A1,"ごはん、麺類、チジミ","盛岡冷麺","","",950,1,0,0,-,0,,,,,,,,"",0,0,0,0
HD0020250905181313169,,,,,,,,,,,,,,,,,,,,,,,,,,,,,,,,,,,,,,,5E48D6642A1242E2BB5405332AD823A1,"マッコリ、マッコリカクテル","マッコリグラス","グラスマッコリ","",500,3,0,0,-,0,,,,,,,,"",0,0,0,0
HD0020250905181313169,,,,,,,,,,,,,,,,,,,,,,,,,,,,,,,,,,,,,,,5E48D6642A1242E2BB5405332AD823A1,"ネネチキン","ヤンニョムチキン","ハーフ","",2000,1,0,0,-,0,,,,,,,,"",0,0,0,0
HD0020250905181313169,,,,,,,,,,,,,,,,,,,,,,,,,,,,,,,,,,,,,,,5E48D6642A1242E2BB5405332AD823A1,"お通し（席料）","席料（お通し）","","",300,2,0,0,-,0,,,,,,,,"",0,0,0,0
HD0020250905181313169,,,,,,,,,,,,,,,,,,,,,,,,,,,,,,,,,,,,,,,5E48D6642A1242E2BB5405332AD823A1,"フレーバー選択","ヤンニョム","","",0,1,0,0,-,0,,,,,,,,"",0,0,0,0
HD0020250905181313169,,,,,,,,,,,,,,,,,,,,,,,,,,,,,,,,,,,,,,,5E48D6642A1242E2BB5405332AD823A1,"フレーバー選択","フライド","","",0,1,0,0,-,0,,,,,,,,"",0,0,0,0
HD0020250905181313169,,,,,,,,,,,,,,,,,,,,,,,,,,,,,,,,,,,,,,,5E48D6642A1242E2BB5405332AD823A1,"アラカルト、一品","チュクミポックン(イイダコ甘辛炒め)","","",1480,1,0,0,-,0,,,,,,,,"",0,0,0,0
HD0020250905181313169,,,,,,,,,,,,,,,,,,,,,,,,,,,,,,,,,,,,,,,5E48D6642A1242E2BB5405332AD823A1,"エビカンジョン","エビカンジョンハーフ＆ハーフ（2種6P）","","",850,1,0,0,-,0,,,,,,,,"",0,0,0,0
HD0020250905170033521,2025/09/05,17:00:31,2025/09/05,19:35:46,14322,10758,3564,0,0,13080,1242,0,14322,1242,20000,0,0,0,0,0,0,0,0,0,0,0,5678,0,0,0,0,2,13,02:35:15,"B4",0003,"サジャニン","未設定",25F83BDBF24141FC974A4A21842DDC72,"ソフトドリンク","とうもろこし茶","アイス","",350,1,0,0,-,0,0,0,0,0,0,0,0,"",0,0,0,0
HD0020250905170033521,,,,,,,,,,,,,,,,,,,,,,,,,,,,,,,,,,,,,,,25F83BDBF24141FC974A4A21842DDC72,"アラカルト、一品","ケランチム","","",900,1,0,0,-,0,,,,,,,,"",0,0,0,0
HD0020250905170033521,,,,,,,,,,,,,,,,,,,,,,,,,,,,,,,,,,,,,,,25F83BDBF24141FC974A4A21842DDC72,"アラカルト、一品","センマイ刺し","","",980,1,0,0,-,0,,,,,,,,"",0,0,0,0
HD0020250905170033521,,,,,,,,,,,,,,,,,,,,,,,,,,,,,,,,,,,,,,,25F83BDBF24141FC974A4A21842DDC72,"スープ、純豆腐など","スンドゥブ","海鮮スンドゥブ","",1280,1,0,0,-,0,,,,,,,,"",0,0,0,0
HD0020250905170033521,,,,,,,,,,,,,,,,,,,,,,,,,,,,,,,,,,,,,,,25F83BDBF24141FC974A4A21842DDC72,"ウイスキー、ハイボール","ジンビームハイボール","ジンビームハイボール","",500,1,0,0,-,0,,,,,,,,"",0,0,0,0
HD0020250905170033521,,,,,,,,,,,,,,,,,,,,,,,,,,,,,,,,,,,,,,,25F83BDBF24141FC974A4A21842DDC72,"焼酎、韓国焼酎、チャミスル","チャミスルボトル","チャミスル オリジナル","",980,3,0,0,-,0,,,,,,,,"",0,0,0,0
HD0020250905170033521,,,,,,,,,,,,,,,,,,,,,,,,,,,,,,,,,,,,,,,25F83BDBF24141FC974A4A21842DDC72,"お通し（席料）","席料（お通し）","","",300,2,0,0,-,0,,,,,,,,"",0,0,0,0
HD0020250905170033521,,,,,,,,,,,,,,,,,,,,,,,,,,,,,,,,,,,,,,,25F83BDBF24141FC974A4A21842DDC72,"揚げ物、フライ","チーズボール","","",750,1,0,0,-,0,,,,,,,,"",0,0,0,0
HD0020250905170033521,,,,,,,,,,,,,,,,,,,,,,,,,,,,,,,,,,,,,,,25F83BDBF24141FC974A4A21842DDC72,"テイクアウト","NENEハーフ&ハーフ骨なし T.O","通常","",3300,1,0,0,-,0,,,,,,,,"",0,0,0,0
HD0020250905170033521,,,,,,,,,,,,,,,,,,,,,,,,,,,,,,,,,,,,,,,25F83BDBF24141FC974A4A21842DDC72,"アラカルト、一品","チュクミポックン(イイダコ甘辛炒め)","","",1480,1,0,0,-,0,,,,,,,,"",0,0,0,0
000320250905192314282,2025/09/05,19:40:07,2025/09/05,19:40:07,4104,0,4104,0,0,3800,304,0,4104,304,0,4104,0,0,0,0,0,0,0,0,0,0,0,0,0,0,0,1,2,00:00:00,"伝票00036216",0003,"サジャニン","未設定",B7345A7FD6FB4A22815E80C4BE9BC1E3,"テイクアウト","チーズハットク T.O","","",500,1,0,0,-,0,0,0,0,0,0,0,0,"",0,0,0,0
000320250905192314282,,,,,,,,,,,,,,,,,,,,,,,,,,,,,,,,,,,,,,,B7345A7FD6FB4A22815E80C4BE9BC1E3,"テイクアウト","NENEハーフ&ハーフ骨なし T.O","通常","",3300,1,0,0,-,0,,,,,,,,"",0,0,0,0
000320250905172906505,2025/09/05,19:54:54,2025/09/05,19:54:54,3996,0,3996,0,0,3700,296,0,3996,296,0,3996,0,0,0,0,0,0,0,0,0,0,0,0,0,0,0,1,2,00:00:00,"伝票00036209",0003,"サジャニン","未設定",DEB8584B416F47CFB62B3B71F564397D,"テイクアウト","NENEハーフ&ハーフ骨なし T.O","ソース系+1","",3500,1,0,0,-,0,0,0,0,0,0,0,0,"",0,0,0,0
000320250905172906505,,,,,,,,,,,,,,,,,,,,,,,,,,,,,,,,,,,,,,,DEB8584B416F47CFB62B3B71F564397D,"テイクアウト","チキンム T.O","","",200,1,0,0,-,0,,,,,,,,"",0,0,0,0
HD0020250905184603984,2025/09/05,18:45:59,2025/09/05,19:57:21,7887,7887,0,0,0,7170,717,0,7887,717,0,7887,0,0,0,0,0,0,0,0,0,0,0,0,0,0,0,2,11,01:11:22,"B1",0003,"サジャニン","未設定",30ED29E8F85046F8BDE0F507D33A170E,"韓国ソフトドリンク","ナシジュース","","",380,4,0,0,-,0,0,0,0,0,0,0,0,"",0,0,0,0
HD0020250905184603984,,,,,,,,,,,,,,,,,,,,,,,,,,,,,,,,,,,,,,,30ED29E8F85046F8BDE0F507D33A170E,"プレート料理","ネネUFOフォンデュ(2人前)10本","","",3100,1,0,0,-,0,,,,,,,,"",0,0,0,0
HD0020250905184603984,,,,,,,,,,,,,,,,,,,,,,,,,,,,,,,,,,,,,,,30ED29E8F85046F8BDE0F507D33A170E,"ごはん、麺類、チジミ","チーズキンパ","","",1200,1,0,0,-,0,,,,,,,,"",0,0,0,0
HD0020250905184603984,,,,,,,,,,,,,,,,,,,,,,,,,,,,,,,,,,,,,,,30ED29E8F85046F8BDE0F507D33A170E,"デザート、スナック","チーズボール","","",750,1,0,0,-,0,,,,,,,,"",0,0,0,0
HD0020250905184603984,,,,,,,,,,,,,,,,,,,,,,,,,,,,,,,,,,,,,,,30ED29E8F85046F8BDE0F507D33A170E,"お通し（席料）","席料（お通し）","","",300,2,0,0,-,0,,,,,,,,"",0,0,0,0
HD0020250905184603984,,,,,,,,,,,,,,,,,,,,,,,,,,,,,,,,,,,,,,,30ED29E8F85046F8BDE0F507D33A170E,"トッピング","ヤンニョムチキン","","",0,1,0,0,-,0,,,,,,,,"",0,0,0,0
HD0020250905184603984,,,,,,,,,,,,,,,,,,,,,,,,,,,,,,,,,,,,,,,30ED29E8F85046F8BDE0F507D33A170E,"トッピング","ホットブリングチキン","","",0,1,0,0,-,0,,,,,,,,"",0,0,0,0
HD0020250905182515337,2025/09/05,18:25:13,2025/09/05,19:57:57,8690,8690,0,0,0,7900,790,0,8690,790,9000,0,0,0,0,0,0,0,0,0,0,0,310,0,0,0,0,2,10,01:32:43,"A1",0003,"サジャニン","未設定",8E46BEA32746478789242532AFF47935,"ごはん、麺類、チジミ","キンパ","","",850,1,0,0,-,0,0,0,0,0,0,0,0,"",0,0,0,0
HD0020250905182515337,,,,,,,,,,,,,,,,,,,,,,,,,,,,,,,,,,,,,,,8E46BEA32746478789242532AFF47935,"スープ、純豆腐など","スンドゥブ","海鮮スンドゥブ","",1280,1,0,0,-,0,,,,,,,,"",0,0,0,0
HD0020250905182515337,,,,,,,,,,,,,,,,,,,,,,,,,,,,,,,,,,,,,,,8E46BEA32746478789242532AFF47935,"カクテル各種","カシスグレープフルーツ","","",550,1,0,0,-,0,,,,,,,,"",0,0,0,0
HD0020250905182515337,,,,,,,,,,,,,,,,,,,,,,,,,,,,,,,,,,,,,,,8E46BEA32746478789242532AFF47935,"カクテル各種","カシスソーダ","","",550,1,0,0,-,0,,,,,,,,"",0,0,0,0
HD0020250905182515337,,,,,,,,,,,,,,,,,,,,,,,,,,,,,,,,,,,,,,,8E46BEA32746478789242532AFF47935,"ネネチキン","NENE BOX（箱）","","",70,1,0,0,-,0,,,,,,,,"",0,0,0,0
HD0020250905182515337,,,,,,,,,,,,,,,,,,,,,,,,,,,,,,,,,,,,,,,8E46BEA32746478789242532AFF47935,"お通し（席料）","席料（お通し）","","",300,2,0,0,-,0,,,,,,,,"",0,0,0,0
HD0020250905182515337,,,,,,,,,,,,,,,,,,,,,,,,,,,,,,,,,,,,,,,8E46BEA32746478789242532AFF47935,"ネネチキン","あり ハーフ&ハーフチキン","","",3550,1,0,0,-,0,,,,,,,,"",0,0,0,0
HD0020250905182515337,,,,,,,,,,,,,,,,,,,,,,,,,,,,,,,,,,,,,,,8E46BEA32746478789242532AFF47935,"アラカルト、一品","カクテキ　大根キムチ","","",450,1,0,0,-,0,,,,,,,,"",0,0,0,0
HD0020250905182515337,,,,,,,,,,,,,,,,,,,,,,,,,,,,,,,,,,,,,,,8E46BEA32746478789242532AFF47935,"フレーバー選択","スパイシースノーウイング（甘辛チーズ）","","",0,1,0,0,-,0,,,,,,,,"",0,0,0,0
HD0020250905185143733,2025/09/05,18:51:42,2025/09/05,20:50:47,5148,5148,0,0,0,4680,468,0,5148,468,0,0,0,0,0,5148,0,0,0,0,0,0,0,0,0,0,0,1,11,01:59:05,"A4",0003,"サジャニン","未設定",E7EE23FCE7574411A124AB57153B755A,"揚げ物、フライ","フライドポテト","","",650,1,0,0,-,0,0,0,0,0,0,0,0,"",0,0,0,0
HD0020250905185143733,,,,,,,,,,,,,,,,,,,,,,,,,,,,,,,,,,,,,,,E7EE23FCE7574411A124AB57153B755A,"ネネチキン","NENE BOX（箱）","","",70,1,0,0,-,0,,,,,,,,"",0,0,0,0
HD0020250905185143733,,,,,,,,,,,,,,,,,,,,,,,,,,,,,,,,,,,,,,,E7EE23FCE7574411A124AB57153B755A,"ソフトドリンク","レモネード","","",350,1,0,0,-,0,,,,,,,,"",0,0,0,0
HD0020250905185143733,,,,,,,,,,,,,,,,,,,,,,,,,,,,,,,,,,,,,,,E7EE23FCE7574411A124AB57153B755A,"お通し（席料）","席料（お通し）","","",300,1,0,0,-,0,,,,,,,,"",0,0,0,0
HD0020250905185143733,,,,,,,,,,,,,,,,,,,,,,,,,,,,,,,,,,,,,,,E7EE23FCE7574411A124AB57153B755A,"ネネチキン","ハーフ&ハーフチキン","","",3300,1,0,0,-,0,,,,,,,,"",0,0,0,0
HD0020250905185143733,,,,,,,,,,,,,,,,,,,,,,,,,,,,,,,,,,,,,,,E7EE23FCE7574411A124AB57153B755A,"サービス、店員呼び出し、その他","ハシ（チョッカラ）","","",0,1,0,0,-,0,,,,,,,,"",0,0,0,0
HD0020250905185143733,,,,,,,,,,,,,,,,,,,,,,,,,,,,,,,,,,,,,,,E7EE23FCE7574411A124AB57153B755A,"サービス、店員呼び出し、その他","おしぼり","","",10,1,0,0,-,0,,,,,,,,"",0,0,0,0
HD0020250905185143733,,,,,,,,,,,,,,,,,,,,,,,,,,,,,,,,,,,,,,,E7EE23FCE7574411A124AB57153B755A,"サービス、店員呼び出し、その他","店員呼び出し","","",0,1,0,0,-,0,,,,,,,,"",0,0,0,0
HD0020250905185143733,,,,,,,,,,,,,,,,,,,,,,,,,,,,,,,,,,,,,,,E7EE23FCE7574411A124AB57153B755A,"フレーバー選択","ヤンニョム","","",0,1,0,0,-,0,,,,,,,,"",0,0,0,0
HD0020250905185143733,,,,,,,,,,,,,,,,,,,,,,,,,,,,,,,,,,,,,,,E7EE23FCE7574411A124AB57153B755A,"フレーバー選択","スパイシースノーウイング（甘辛チーズ）","","",0,1,0,0,-,0,,,,,,,,"",0,0,0,0
HD0020250905185143733,,,,,,,,,,,,,,,,,,,,,,,,,,,,,,,,,,,,,,,E7EE23FCE7574411A124AB57153B755A,"ポテトフレーバー選択","塩","","",0,1,0,0,-,0,,,,,,,,"",0,0,0,0
000320250905201716990,2025/09/05,20:51:19,2025/09/05,20:51:19,3510,0,3510,0,0,3250,260,0,3510,260,10000,0,0,0,0,0,0,0,0,0,0,0,6490,0,0,0,0,1,1,00:00:00,"伝票00036220",0003,"サジャニン","未設定",42BF5F46E9AE4A45837EFF36F125F865,"テイクアウト","ヤンニョムチキン T.O骨なし","1羽","",3250,1,0,0,-,0,0,0,0,0,0,0,0,"",0,0,0,0
