No,処理済み,処理日時,テーマ,カテゴリ,罠（課題）,放置すると,解決策,シーン1,シーン2,シーン3,シーン4,シーン5,シーン6,シーン7,シーン8,シーン9,シーン10,シーン11,シーン12,シーン13,シーン14,シーン15,シーン16,シーン17,参考例ID
1,完了,2025-01-03,感覚経営の罠,数字と財務,感覚だけで経営し「なぜ利益が残らないか」が分からない,現金がない原因を把握できず税金・家賃・仕入れの支払いに窮する。黒字倒産のリスクすらある。,PL（損益計算書）とCF（キャッシュフロー計算書）の違いを理解しクラウド会計や月次レポートで数字を見える化する,まだ「感覚だけで経営してても大丈夫」って思ってるやろ？,「売上はあるのに、なんで手元にお金ないんやろ…」こんな違和感ずっと抱えてませんか？,「今月も黒字のはずやのに現金が足りん」って、毎月同じこと繰り返してません？,でもそれ、「経営してる」じゃなくて「なんとなく続けてるだけ」です,このままじゃ、税金も家賃も仕入れも払えん月が必ず来て、最悪黒字倒産まであります,うちの数字って結局どうなってるんやろって、把握できずに不安になってますよね,ほんまは、売上と利益と現金の流れをちゃんと理解しておきたい,それに毎月の支払いに怯えるんじゃなくて、安心して経営判断できるようになりたい気持ちが続いてませんか？,でも数字から逃げてる店は、いつか必ず行き詰まります,じゃあどうすればいいかというと、売上と現金は全く別物やってことを理解することから始めます,「売上がある店」と「現金がある店」、生き残るのはどっちか、もう分かりますよね,たとえば月商500万でも現金50万しかない店と、月商300万やけど現金200万ある店、どっちが安全か一目瞭然です,経営とは「数字を読む力」のことです,PLで利益を確認して、CFで現金の動きを把握する、この2つができたら経営の8割は安定します,クラウド会計で月次の数字を見える化して、毎月必ずチェックする習慣をつけてください,「数字苦手やから…」って逃げてた人、その間にライバル店はもう先に進んでますよ,感覚経営から卒業するのは今日からでも遅くありません,例1-5
3,完了,2025-07-21,人時売上高の重要性,数字と財務,日別に人件費を考えていない,売上が低い日も人員が多く、人件費過多になっても気づかず運営が赤字体質に。,人時売上高（売上 ÷ 労働時間）を毎週チェックし、曜日別・時間帯別の人員配置を調整する。,人件費を日別で管理してない店、それ赤字垂れ流してるのと同じですよ。,「うちは月次で見てるから大丈夫」って思ってません？,暇な日も忙しい日も同じ人数で回してるなんてこと、ないですよね？,それ、一番やっちゃいけないやつです。,このままやと、気づかへんうちに人件費で利益が全部食いつぶされて、赤字体質から抜け出せなくなりますよ。,「人件費の管理って面倒くさい」って思ってる経営者さん、その考えが一番危険なんです。,分かりますよ、毎日シフト組むだけでも大変やのに、日別の計算なんてやってられへんって気持ちも。,でもほんまは、「人時売上高」を意識するだけで、店の利益が劇的に改善するって知ってましたか？,多くの経営者が、この指標を知らんだけで、毎日数万円単位で損してるんです。,今日は、なんで「人時売上高」が最強の利益改善ツールなのかをお伝えします。,人時売上高を意識してる店としてない店では、同じ売上でも手元に残る現金が全然違うんです。,例えるなら、蛇口から水が漏れてるのに気づかず、水道代が高いって嘆いてるのと同じ状態ですよ。,正解は、毎週「人時売上高」をチェックして、曜日や時間帯ごとに最適な人員配置をすることなんです。,暇な月曜は2人、忙しい金曜は4人。これだけで無駄な人件費がごっそり削れます。,これを実践した店は、売上は同じやのに利益率が5%も改善した事例があるんです。,「今までなんて無駄なことしてたんだ…」って、絶対思う日が来ますよ。,今すぐ先週の売上と全スタッフの労働時間を計算して、「人時売上高」を算出してください。話はそれからです。,価値観/立地/数字と人
9,完了,2025-07-21,手数料を見えないコストにしない,数字と財務,クレカやポイント、Uberなどの手数料を経費に入れていない,粗利を正しく認識できず、利益が実態より高いと誤認し意思決定を誤る。,手数料も仕入原価と同様に“売上に連動する変動費”として分類・記帳する。,クレカ手数料を経費に入れてへん経営者、それ利益計算が間違ってますよ。,「売上から引かれてるから、別に計上せんでもええか」って思ってません？,Uberの手数料とか、ポイントの費用とか、見て見ぬふりしてませんか？,それ、見えないコストが利益を圧迫してるだけです。,このままやと、本当の粗利が分からんまま、間違った価格設定や投資判断をしてしまいますよ。,「手数料なんて細かい」って思ってる経営者さん、その考えが一番危険なんです。,分かりますよ、売上から勝手に引かれてるし、いちいち計算するの面倒くさいって気持ちも。,でもほんまは、その手数料が、あなたの店の利益をじわじわ蝕んでるって知ってましたか？,多くの経営者が、この「見えないコスト」のせいで、思ったより利益が残らへんって悩んでるんです。,今日は、なんで「手数料の変動費化」が正しい利益管理の第一歩なのかをお伝えします。,手数料をちゃんと経費として見てる店と見てへん店では、同じ売上でも粗利率が全然違うんです。,例えるなら、体重計に乗る時に、服の重さを無視して「痩せた！」って喜んでるのと同じ状態ですよ。,正解は、クレカやUberの手数料を、食材の原価と同じ「変動費」としてしっかり記帳することなんです。,売上100万、手数料3万なら、粗利は97万から計算せなあかん。これが現実です。,これを徹底してる店は、正確な利益を把握して、的確な経営判断ができてるんです。,「手数料ぐらいええか」って思ってた頃の僕に、今なら絶対この話をしたいです。,今すぐ先月の売上明細を見て、クレカやデリバリーの手数料がいくらかかってるか確認してください。,AI活用/こだわりと財務/集客の即効性
10,完了,2025-07-21,黒字倒産の恐怖,数字と財務,財務三表（PL/BS/CF）の違いが分からない,利益≠キャッシュという事実が理解できず、誤った資金調達や投資判断につながる。,図解や専門家の解説で“資金の流れ”を理解し、投資判断時にはCF重視で意思決定する習慣を持つ。,利益が出てるのに、なぜか現金がない。それ、黒字倒産への入り口ですよ。,「PL（損益計算書）が黒字やからうちは安泰」って、本気で思ってません？,BS（貸借対照表）とかCF（キャッシュフロー計算書）とか、見たこともないって言ってませんか？,それ、数字の表面しか見てない証拠です。,このままやと、ある日突然、支払いができなくなって、ゲームオーバーです。,「数字は税理士に任せてるから大丈夫」って思ってる経営者さん、それが一番危ないんです。,分かりますよ、PL、BS、CFなんて、名前聞いただけで頭痛くなる気持ちも。,でもほんまは、「利益」と「現金」は全くの別物やって知ってましたか？,多くの店が、この違いを理解してへんせいで、気づいた時には手遅れになってるんです。,今日は、なんで「キャッシュフロー」が経営の血液なのか、その理由を説明します。,PLだけ見てる店と、CFまで見てる店では、資金繰りの安定感が天と地ほど違います。,例えるなら、体重だけ見て健康やと思ってたら、実は体脂肪率がヤバかった、みたいな話です。,正解は、PLの利益だけじゃなく、CF、つまり「現金の流れ」を常に把握することなんです。,売掛金はいつ入金される？借入の返済はいつ？この現金の出入りを管理するのが経営者の仕事です。,これができてる店は、利益が出てなくても、資金ショートすることなく、生き残れるんです。,「利益さえ出てれば大丈夫」って信じてた昔の自分に、この話を叩き込んでやりたいです。,今すぐ、あなたの店の「キャッシュフロー計算書」を作ってください。それが、あなたの店の本当の体力です。,マクドナルド戦法/ネット情報統一/職場哲学
11,完了,2025-07-20 23:12,融資タイミングの罠,資金戦略,融資は「困ったときに借りるもの」と考えている,資金ショートしてからでは審査が通らず、倒産リスクが高まる,手元資金に余裕があるうちに金融機関と関係構築し、信用を積み上げておく,融資って「困った時の最後の手段」って思ってる経営者、それ自殺行為ですよ,手元にお金あるのに、なんで借金せなあかんの？って思ってません？,うちは身の丈に合った経営やってるから大丈夫や、って安心してませんか？,でもそれ、金融機関からの信用をゼロにしてるだけです,このままやと、ほんまに困った時には「貸せません」って断られて、資金ショートで倒産まっしぐらですよ,「お金に困ってへんから融資なんていらん」って思ってる経営者さん、実はそれが一番危険なんです,分かりますよ、借金って響きが怖いし、利息もったいないって気持ちも,でもほんまは、「借りれる時に借りとく」のが経営者の常識やって知ってましたか？,金融機関も人間です。余裕ある時に付き合いを始めた相手と、切羽詰まった時だけ頼ってくる相手、どっちを信用しますか？,今日は、なんで「余裕がある時の融資」が最強の経営戦略なのかをお伝えします,困ってから頼む融資と、計画的に受ける融資では、金利も条件も天と地の差なんです,例えるなら、友達に「普段の付き合い」と「金欠の時だけのお願い」、どっちが信頼関係築けるか分かりますよね,正解は、手元資金に余裕がある今こそ、金融機関との信頼関係を築く時なんです,小さな額でもいいから借りて、きっちり返済実績を作る。それが「いざという時の保険」になります,この関係構築ができてる店は、コロナみたいな緊急事態でも即座に資金調達して生き残りました,「あの時、関係作っといてよかった…」って、絶対思う日が来ますよ,今すぐ地元の信金に相談しに行ってください。100万でも借りて半年で返す、これだけで未来が変わります,集客相談人事/ABC分析/誕生日水曜日/Google口コミ/ネット統一
12,完了,2025-07-20 23:15,自己資金のみ出店の罠,資金戦略,自己資金だけで出店・改装を乗り切ろうとする,キャッシュ枯渇で運転資金が不足し、オープン後に苦しくなる,設備投資と運転資金は分けて考え、必要な借入を計画的に行う,「自己資金だけで出店する」って言うてる時点で、その店は失敗します,自分のお金やから借金せんでも大丈夫やって思ってません？,工事費も機材も全部現金で払えるし、スッキリした状態でオープンしたいって考えてませんか？,でもそれ、お店が始まる前に終わってるパターンです,このままやと、オープン直後に現金が底をついて、仕入れも給料も払えん地獄が待ってますよ,「借金がないから安心」って思ってる経営者さん、その考えがお店を潰すんです,分かりますよ、せっかく貯めたお金やし、利息なんて払いたくないって気持ちも,でもほんまは、設備投資と運転資金を一緒にしたらあかんって知ってましたか？,開店したら予想以上にお金が飛んでいく現実を、多くの経営者が甘く見てるんです,今日は、なんで「設備は借金、運転は現金」が経営の鉄則なのかをお伝えします,現金を全部使った店と、借金で設備を買って現金を残した店では、3ヶ月後の生存率が全然違うんです,例えるなら、登山で食料を全部1日目に食べるか、計画的に配分するか、どっちが山頂に着けるか分かりますよね,正解は、設備投資は借入で、運転資金は手元現金でまかなうことなんです,工事費300万を借入で、手元に200万残しとく。これだけで3ヶ月は安心して営業できます,この資金の分け方ができてる店は、初月から黒字じゃなくても余裕を持って改善していけるんです,「全部現金で始めたい」って夢を持ってた頃の僕に、今なら絶対この話をしたいです,今すぐ設備投資分だけでも借入の相談に行ってください。手元現金は絶対に残しといてな,やりたくないこと決める/ネット統一/PL％表示/限界利益/インフルエンサー集客
13,完了,2025-07-20 23:18,補助金・助成金認知不足の罠,資金戦略,補助金・助成金の存在を知らない,活用できる公的支援を逃し、余計なコストや出費が増える,地元商工会や専門家のサポートを受け、使える制度を調べて申請を検討する,補助金の存在知らんくて100万損してる経営者、めっちゃ多いです,設備投資やら人件費やら、全部自分のお金で払ってません？,国や市が「お金出してあげる」って言うてるのに、知らんふりしてませんか？,でもそれ、向こうからは絶対に教えてくれません,このままやと、隣の店は補助金もらって楽々設備更新してるのに、あなただけ自腹で苦しむことになりますよ,「お役所の手続きって面倒くさそう」って思ってる経営者さん、実はそれが一番の損失なんです,分かりますよ、書類作成とか申請とか、時間かかりそうで敬遠したくなる気持ちも,でもほんまは、年間100万以上もらえる制度がゴロゴロあるって知ってましたか？,多くの経営者が「知らない」だけで、毎年何十万も損し続けてるんです,今日は、なんで「補助金情報の収集」が最強の節約術なのかをお伝えします,補助金を知ってる店と知らん店では、同じ投資でも実質負担額が半分以下になることもあるんです,例えるなら、定価で買い物する人と、クーポン使いまくって安く済ませる人、どっちが賢いか分かりますよね,正解は、商工会議所や中小企業診断士に「うちが使える制度ありますか？」って聞くことなんです,設備投資50万のうち30万補助されたら、実質負担20万。これが現実に起こってる話です,この情報収集ができてる店は、同じ事業でも資金繰りが全然楽になって、浮いたお金で次の投資ができてるんです,「補助金なんて面倒くさい」って思ってた頃の僕に、今なら絶対この話をしたいです,今すぐ地元の商工会議所に相談の電話してください。知らんかった制度、絶対見つかります,POSレジ/意思決定合意/AI時短/メニュー開発/価格設計
14,完了,2025-07-20 23:21,融資書類の質の罠,資金戦略,金融機関への資料が「数字が合わない・雑」,信頼を失い、融資が否決される原因に,資金繰り表・損益予測などの資料を整備し、相手に伝わる形で準備する,融資書類が雑やったら「この人にお金貸すの危険」って思われるの当たり前ですよ,手書きの資金繰り表とかエクセルで数字がズレた損益予測とか、恥ずかしくないんですか？,銀行員さんが見て「この人、数字の管理できてへん」って思われても仕方ないでしょ,でもそれ、あなたの経営力を疑われてるだけです,このままやと、どんなに良い事業計画でも「資料作成能力=経営能力」って判断されて否決ですよ,「融資は金利や条件で決まる」って思ってる経営者さん、実は書類の質で9割決まってるんです,分かりますよ、普段は現場が忙しくて書類作成なんて時間とれない気持ちも,でもほんまは、見栄えの良い資料は信頼関係の第一歩やって知ってましたか？,銀行員も人間です。きちんとした資料を見たら「この人は計画性がある」って安心するんです,今日は、なんで「資料の質」が融資審査の最重要ポイントなのかをお伝えします,雑な資料で申し込む店と、プロ並みの資料で申し込む店では、同じ内容でも審査結果が全然違うんです,例えるなら、面接に汚れたスーツで行くか、清潔なスーツで行くか、第一印象で差がつくのと同じですよね,正解は、資金繰り表・損益予測・事業計画書を数字も見た目もきちんと整えることなんです,売上予測の根拠も月別キャッシュフローも、全部筋が通ってるって状態にする。これだけで信頼度が10倍違います,この書類作成ができてる店は、希望額満額で低金利、しかも審査期間も短縮されてるんです,「数字さえ合ってたら大丈夫」って思ってた頃の僕に、今なら絶対この話をしたいです,今すぐ融資資料のテンプレートをダウンロードして、きちんとしたフォーマットで作り直してください,人事相談/マルチチャネル/立地成功/価値人宿し/財務三表
15,完了,2025-07-20 23:24,返済スケジュール把握不足の罠,資金戦略,借入金の返済スケジュールを把握していない,返済が集中する月に資金が足りず、焦ってリスケを依頼することに,月次でのキャッシュフロー予測を行い、返済負担の平準化を意識する,返済スケジュール把握してへん経営者、これリスケ地獄まっしぐらですよ,毎月の返済がいつあるか、ちゃんと手帳に書いてます？,なんとなく覚えてるから大丈夫やって思ってませんか？,でもそれ、現金管理ができてない証拠です,このままやと、ある月に返済が重なって資金ショート、慌ててリスケお願いして信用失墜ですよ,「返済日ぐらい覚えてる」って思ってる経営者さん、実は一番危険なパターンなんです,分かりますよ、毎日現場が忙しくて細かい返済スケジュールまで気が回らない気持ちも,でもほんまは、返済スケジュールの把握は資金繰りの生命線やって知ってましたか？,複数の借入がある店ほど、返済が重なる月の現金不足で苦しんでるんです,今日は、なんで「返済スケジュールの可視化」が経営安定の鍵なのかをお伝えします,スケジュール管理できてる店とできてない店では、同じ借入額でも資金繰りの安定感が全然違うんです,例えるなら、試験日程を把握してる学生と把握してない学生、どっちが余裕を持って勉強できるか分かりますよね,正解は、月次キャッシュフロー表に全ての返済予定を記入して見える化することなんです,借入A15万、借入B20万、設備リース10万、この月は45万出ていくって事前に分かれば準備できます,この返済管理ができてる店は、資金不足に慌てることなく、計画的に事業運営できてるんです,「返済日ぐらい覚えてる」って思ってた頃の僕に、今なら絶対この話をしたいです,今すぐカレンダーに全ての返済日と金額を書き込んで、3ヶ月先まで現金残高を予測してください,売上損益構造/家族経営強み/スタッフ退職理由/立地選び/一等地信仰
16,完了,2025-07-20 23:27,返済不安による借入消極姿勢の罠,資金戦略,返済できるか不安で借入に消極的,必要な投資ができず、競合に遅れをとる,借入は「攻めの投資」と捉え、返済可能な額を計算した上で判断する,返済が怖くて借入を避けてる経営者、その慎重さが命取りになりますよ,月々の返済が増えるのが怖くて設備投資も店舗改装も先延ばしにしてません？,借金は怖いもんやから、とりあえず自己資金だけで何とかしたいって思ってませんか？,でもそれ、チャンスを自分で潰してるだけです,このままやと、競合店が借入で設備更新してる間に、あなただけ古い設備で取り残されますよ,「借りたら返せるか心配」って思ってる経営者さん、実はその不安が一番の経営リスクなんです,分かりますよ、毎月の支払いが増えるのは精神的にプレッシャーになる気持ちも,でもほんまは、適切な借入は「攻めの投資」で売上アップの武器やって知ってましたか？,返済を恐れて投資しない店は、少しずつ競争力を失っていくんです,今日は、なんで「計算された借入」が成長に必要不可欠なのかをお伝えします,借入を恐れる店と戦略的に活用する店では、3年後の競争力が雲泥の差になるんです,例えるなら、新しい道具を買うのを恐れる職人と、効率化のために投資する職人、どっちが成長するか分かりますよね,正解は、返済可能な範囲を計算した上で、売上向上につながる投資に借入を活用することなんです,月売上200万で返済可能額30万なら、年間360万の設備投資で競争力強化。これが攻めの経営です,この戦略的借入ができてる店は、設備も内装も常に最新で、お客様にも選ばれ続けてるんです,「借金は怖いもの」って思ってた頃の僕に、今なら絶対この話をしたいです,今すぐ月売上の15%以内で返済できる投資プランを計算して、設備更新の検討を始めてください,凡事徹底/エンゲージメント/水曜日狙い/こだわり財務/POP意味
17,完了,2025-07-20 23:30,創業融資一度きり思い込みの罠,資金戦略,「創業融資は一度きり」と思い込んでいる,追加出店や設備更新の機会を逃す,成長に応じて二度目・三度目の融資交渉を行い、継続的に活用していく,「創業融資は一回こっきり」って思い込んでる経営者、その常識が成長を止めてますよ,一度融資受けたら、次はもう借りられへんって勘違いしてません？,創業時に借りた分を返すまで、次の融資なんて考えたらあかんって思ってませんか？,でもそれ、成長チャンスを自分で封じてるだけです,このままやと、追加出店や設備更新のタイミングを逃して、競合に先を越されますよ,「一回借りたらもう終わり」って思ってる経営者さん、実は金融機関は継続取引を望んでるんです,分かりますよ、一度借りてまた借りるなんて図々しいって遠慮したくなる気持ちも,でもほんまは、返済実績がある経営者ほど次の融資が通りやすいって知ってましたか？,優良な返済実績は、金融機関にとって「信頼できる取引先」の証明なんです,今日は、なんで「継続的な融資活用」が成長経営の秘訣なのかをお伝えします,一度きりで終わる店と継続的に融資を活用する店では、事業拡大のスピードが全然違うんです,例えるなら、一度だけ習って終わりにする人と、継続的にレッスンを受ける人、どっちが上達するか分かりますよね,正解は、返済実績を武器に二度目・三度目の融資で事業を段階的に成長させることなんです,1号店が安定したら2号店開業資金、3年後に設備更新資金、計画的に活用すれば無借金より強くなります,この継続融資ができてる店は、タイミングを逃さず投資して、常に市場をリードしてるんです,「一度きりで十分」って思ってた頃の僕に、今なら絶対この話をしたいです,今すぐ返済実績を整理して、次の成長プランに必要な資金計画を立ててください,凡事徹底/エンゲージメント/水曜日狙い/こだわり財務/POP意味
18,完了,2025-07-20 23:33,補助金報告後回しの罠,資金戦略,補助金が採択されても「あとで報告」で済まそうとする,書類不備や期限切れで支給されない,事前に提出物や報告義務を確認し、スケジュール管理を徹底する,補助金もらえることになったのに「あとで報告すればええか」って放置してる経営者、それ不支給まっしぐらですよ,採択通知来たら一安心して、報告書類は後回しにしてません？,まだ時間あるし、とりあえず事業進めてから書類まとめたらええやって思ってませんか？,でもそれ、せっかくの補助金を自分で捨ててるようなもんです,このままやと、期限切れや書類不備で「採択されたのに1円ももらえない」って悲劇が待ってますよ,「採択されたんやから大丈夫」って安心してる経営者さん、実は採択後の方が重要なんです,分かりますよ、現場の仕事が忙しくて書類作成なんて後回しにしたくなる気持ちも,でもほんまは、補助金は「採択」じゃなくて「支給」されて初めて意味があるって知ってましたか？,多くの店が採択されても書類不備で支給されずに終わってるんです,今日は、なんで「採択後の管理」が補助金活用の生命線なのかをお伝えします,ちゃんと管理する店と放置する店では、同じ採択でも最終的な支給率が全然違うんです,例えるなら、試験に合格したのに卒業論文を出さずに卒業できない学生と同じですよね,正解は、採択と同時に報告スケジュールを立てて、期限管理を徹底することなんです,月次で進捗確認、中間報告準備、最終報告書作成、全部カレンダーに入れて絶対に遅れない体制作り,この管理ができてる店は、補助金を確実に受給して、次の制度活用にもつなげてるんです,「採択されたから安心」って思ってた頃の僕に、今なら絶対この話をしたいです,今すぐ補助金の報告スケジュールをカレンダーに入れて、必要書類の準備を始めてください,凡事徹底/エンゲージメント/水曜日狙い/こだわり財務/POP意味
19,完了,2025-07-20 23:36,税理士任せファイナンスの罠,資金戦略,ファイナンスは「税理士任せ」,経営判断を誤り、資金不足の本質に気づけない,自身で「投資」「回収」「資金繰り」を言語化し、意思決定に活かす,ファイナンス全部「税理士さんに任せてる」って経営者、それ自分で目隠しして経営してるのと同じですよ,数字のことは難しいから専門家に丸投げして、自分は現場だけ見てたらええって思ってません？,会計は税理士、融資は銀行、資金繰りは誰かがなんとかしてくれるって考えてませんか？,でもそれ、経営の舵を他人に預けてるだけです,このままやと、資金不足の本当の原因が分からず、いつも後手後手の対応で苦しみ続けますよ,「お金のことは専門家に任せてる」って思ってる経営者さん、実はそれが一番危険なパターンなんです,分かりますよ、数字は苦手やし、現場で手一杯で財務まで手が回らない気持ちも,でもほんまは、経営者が資金の流れを把握してないと正しい判断ができないって知ってましたか？,税理士は過去の数字をまとめるプロであって、未来の経営判断は経営者の仕事なんです,今日は、なんで「経営者自身の財務理解」が事業成功の鍵なのかをお伝えします,数字を理解してる経営者と他人任せの経営者では、判断スピードと精度が雲泥の差になるんです,例えるなら、車の運転を他人に任せっぱなしで、自分は目的地すら分からない状態と同じですよね,正解は、投資・回収・資金繰りの基本を自分で理解して、意思決定に活かすことなんです,設備投資300万で月売上30万アップ、回収期間10ヶ月。この計算ができれば判断が早くなります,この財務理解ができてる経営者は、チャンスを逃さず投資して、リスクも事前に回避してるんです,「数字は苦手やから」って逃げてた頃の僕に、今なら絶対この話をしたいです,今すぐ月次の損益と資金繰りを自分で確認する習慣をつけて、基本的な財務知識を身につけてください,凡事徹底/エンゲージメント/水曜日狙い/こだわり財務/POP意味
20,完了,2025-07-20 23:39,出資回避の罠,資金戦略,出資やパートナー資金を「トラブルの元」と避ける,成長資金が自己資本頼りになり、機会を失う,出資契約や合意事項を明文化し、信頼できる支援者を活用する,出資を「トラブルの元」って避けてる経営者、その慎重さが成長の壁になってますよ,他人のお金を入れたら口出しされるし、面倒なことになりそうって思ってません？,自分の店やから自分のお金だけでやりたい、外部の人に関わられたくないって考えてませんか？,でもそれ、成長のチャンスを自分で潰してるだけです,このままやと、自己資金の限界で事業拡大が止まって、競合に置いていかれますよ,「出資は面倒」って思ってる経営者さん、実は適切な出資者は最強のパートナーになるんです,分かりますよ、他人にお金を出してもらうのは気が重いし、関係がこじれたら怖いって気持ちも,でもほんまは、信頼できる出資者は資金だけじゃなくノウハウも提供してくれるって知ってましたか？,良い出資者は経営を邪魔するんじゃなく、成功に向けて一緒に汗をかいてくれる存在なんです,今日は、なんで「戦略的な出資活用」が急成長の秘訣なのかをお伝えします,自己資金だけの店と出資を活用する店では、事業展開のスピードと規模が全然違うんです,例えるなら、一人で重い荷物を運ぶか、信頼できる人と協力して運ぶか、どっちが効率的か分かりますよね,正解は、出資契約を明文化して、お互いの役割を明確にした上で信頼できる支援者と組むことなんです,月利1%の店なら1000万の出資で月10万の利益増、出資者にも5%配当で全員がWin-Winの関係,この出資活用ができてる店は、資金も知恵も倍増して、市場で圧倒的な存在感を示してるんです,「出資は面倒」って思ってた頃の僕に、今なら絶対この話をしたいです,今すぐ信頼できる経営者仲間や支援者と、出資の可能性について一度相談してみてください,凡事徹底/エンゲージメント/水曜日狙い/こだわり財務/POP意味
21,完了,2025-07-20 23:42,駅近立地信仰の罠,業態・出店,「駅近なら絶対成功」と立地だけで判断する,客層や競合との相性が悪く、思ったほど集客できない,立地＋業態の相性（周辺の生活導線・競合分析）まで踏み込んで検討する,「駅近やから絶対成功する」って立地だけで判断してる経営者、それ一番危険な思い込みですよ,人通りが多いから客数は確保できる、アクセスがええから来店してもらえるって思ってません？,駅前なら間違いない、家賃高くても売上でペイできるって安易に考えてませんか？,でもそれ、立地の表面しか見えてない証拠です,このままやと、駅近なのに客層が合わず、高い家賃だけ払い続けることになりますよ,「立地がええから大丈夫」って思ってる経営者さん、実は立地だけで成功する時代は終わってるんです,分かりますよ、人通りの多い場所なら安心やし、失敗リスクが低そうに感じる気持ちも,でもほんまは、立地と業態の相性が合わないと人が流れるだけで止まらないって知ってましたか？,駅近でも、客層・競合・生活導線を無視したら通りすがりの人ばかりで定着しないんです,今日は、なんで「立地＋業態の相性分析」が出店成功の鍵なのかをお伝えします,立地だけで判断する店と相性分析する店では、同じ駅近でも収益性が全然違うんです,例えるなら、魚がいない池で釣りをするか、魚の種類に合わせて釣り場を選ぶか、どっちが成果出るか分かりますよね,正解は、立地の人通りだけじゃなく、客層・競合状況・生活導線まで分析することなんです,駅近でもサラリーマン向けなのか、ファミリー向けなのか、業態と客層の一致が成功のカギです,この相性分析ができてる店は、駅から少し離れてても確実に客層をつかんで繁盛してるんです,「駅近なら安心」って思ってた頃の僕に、今なら絶対この話をしたいです,今すぐ検討中の立地で、あなたの業態のターゲット客がどれだけ通るか調査してください,凡事徹底/エンゲージメント/水曜日狙い/こだわり財務/POP意味
22,完了,2025-07-20 23:45,流行業態模倣の罠,業態・出店,「流行っている業態だから」と安易に真似する,差別化できず、価格競争に巻き込まれる,自身の強みや地域のニーズに合った独自性ある業態を設計する,「流行ってる業態やから」って安易に真似してる経営者、それレッドオーシャンに自分から飛び込んでるのと同じですよ,タピオカが流行ったらタピオカ、唐揚げが人気なら唐揚げって追っかけてません？,みんながやってて成功してるんやから、自分もやれば売れるって思ってませんか？,でもそれ、差別化できずに価格競争で消耗するだけです,このままやと、流行が過ぎたら客離れ、競合だらけで値下げ競争に巻き込まれますよ,「流行に乗れば安全」って思ってる経営者さん、実は一番リスクの高い戦略なんです,分かりますよ、成功事例があるなら真似したくなるし、失敗の可能性を減らしたい気持ちも,でもほんまは、流行業態は参入障壁が低いからこそ競争が激しくなるって知ってましたか？,みんなが同じことをやり始めた時点で、その市場は飽和状態になってるんです,今日は、なんで「独自性のある業態設計」が長期成功の秘訣なのかをお伝えします,流行を追う店と独自路線を貫く店では、3年後の生存率と収益性が雲泥の差になるんです,例えるなら、みんなが走ってる道を追いかけるか、誰も知らない近道を見つけるか、どっちが有利か分かりますよね,正解は、自分の強みと地域ニーズを組み合わせて、他にはない業態を作ることなんです,イタリアン×地元野菜、ラーメン×健康志向、組み合わせ次第で唯一無二のポジションが作れます,この独自業態ができてる店は、競合と比較されることなく、お客様に選ばれ続けてるんです,「流行に乗れば安心」って思ってた頃の僕に、今なら絶対この話をしたいです,今すぐ自分の強みと地域の未満たされたニーズを書き出して、独自の業態を考えてみてください,凡事徹底/エンゲージメント/水曜日狙い/こだわり財務/POP意味
23,完了,2025-01-10,家賃安物件信仰の罠,業態・出店,出店コストばかり気にして家賃が安い物件を選ぶ,人通りが少なく、集客できず固定費倒れに,初期投資より「固定費×集客効率」のバランスで検討する,家賃が安いからって安易に決めてる経営者、それ集客で死ぬパターンですよ,初期費用抑えたいから駅から遠くても家賃安い方がええって思ってません？,人件費も光熱費も抑えられるし、リスクも低そうって考えてませんか？,でもそれ、固定費倒れまっしぐらのコースです,このままやと、客足が全然伸びず、安い家賃でも払えなくなって撤退ですよ,「家賃安いから安心」って思ってる経営者さん、実は一番危険な判断なんです,分かりますよ、開業資金を抑えたいし、リスクを最小限にしたい気持ちも,でもほんまは、家賃は安さじゃなく「集客効率」で判断するべきやって知ってましたか？,人通りの少ない立地では、どれだけ安い家賃でも売上が上がらないんです,今日は、なんで「家賃×集客のバランス」が出店成功の鍵なのかをお伝えします,家賃だけで決める店と集客効率を見る店では、3年後の生存率が雲泥の差になるんです,例えるなら、値段だけで車を選んで故障ばかりか、少し高くても信頼できる車を選ぶか、どっちが結果的に得するか分かりますよね,正解は、家賃×集客効率の総合判断で、「回収できる範囲の家賃」を選ぶことなんです,駅近15万で月100人来店と、郊外8万で月30人来店なら、客単価3000円でも前者の方が利益出ます,この判断ができてる店は、適正家賃で確実に集客して、長期的に繁盛してるんです,「安い家賃が一番」って思ってた頃の僕に、今なら絶対この話をしたいです,今すぐ候補物件の周辺で、同業他店の客入りを1週間観察してから判断してください,ゾーニング/家族経営強み/誕生日水曜日/コロナ前変化/任せる視座/現場動線/アルバイト哲学/撤退立地/夢語り予約/マルチチャネル
24,完了,2025-01-10,早期2店舗目拡大の罠,業態・出店,売上が上がるとすぐ2店舗目を出そうとする,人材や資金が分散し、両店舗が中途半端になる,1店舗目で「再現可能な仕組み」ができてから展開を検討する,1店舗目がうまくいったからって、すぐ2店舗目考えてる経営者、それ自爆コースですよ,売上が安定してきたら次は拡大やって勢いで突っ走ってません？,成功の勢いに乗って、今度は違う立地でもチャレンジしたいって思ってませんか？,でもそれ、成功を台無しにする典型パターンです,このままやと、人材も資金も分散して、どっちの店も中途半端になって共倒れですよ,「調子いいから拡大」って思ってる経営者さん、実はそのタイミングが一番危険なんです,分かりますよ、成功体験があると次もうまくいきそうに感じるし、チャンスを逃したくない気持ちも,でもほんまは、1店舗の成功と2店舗の運営は全く別物やって知ってましたか？,成功している店ほど、その成功が「偶然」なのか「仕組み」なのか見極めが重要なんです,今日は、なんで「仕組み化してからの展開」が拡大成功の鍵なのかをお伝えします,勢いで拡大する店と仕組み化してから拡大する店では、2年後の成功率が全然違うんです,例えるなら、料理が上手くできた時に、レシピを確立せずに毎日作り続けるか、レシピをしっかり作ってから教えるか、どっちが安定するか分かりますよね,正解は、1店舗目で「誰でも再現できる仕組み」を完成させてから、次の展開を考えることなんです,スタッフ教育マニュアル、オペレーション手順、売上管理システム、全部標準化してから2店舗目に挑戦,この段階的拡大ができてる経営者は、複数店舗でも品質を保って、安定成長を続けてるんです,「今がチャンス」って焦ってた頃の僕に、今なら絶対この話をしたいです,今すぐ1店舗目の成功要因を全て文字化して、他の人でも再現できるか検証してください,ゾーニング/家族経営強み/誕生日水曜日/コロナ前変化/任せる視座/現場動線/アルバイト哲学/撤退立地/夢語り予約/マルチチャネル
25,完了,2025-01-10,店舗面積過大の罠,業態・出店,「なんとなく店舗を広く作る」,無駄なスペースが増え、坪効率が悪化する,席数、導線、回転率を数値で設計し、収益性の高いレイアウトを考える,「広い店舗の方が良い店に見える」って思い込んでる経営者、それ坪効率殺してるだけですよ,お客様にゆったりしてもらいたいから、とりあえず席間を広めに取ってません？,広いスペースがあったら豪華に見えるし、お客様も喜ぶやろって考えてませんか？,でもそれ、無駄な固定費を垂れ流してるだけです,このままやと、見た目は立派やけど利益が出ない赤字体質の店になりますよ,「広い店舗が高級感」って思ってる経営者さん、実は一番もったいない使い方してるんです,分かりますよ、狭苦しい店より余裕のある空間の方が良さそうに感じる気持ちも,でもほんまは、店舗面積は「売上効率」で決めるもんやって知ってましたか？,無駄なスペースは家賃・光熱費・清掃費、全部コストになって利益を圧迫するんです,今日は、なんで「数値設計による最適面積」が利益最大化の鍵なのかをお伝えします,なんとなく広くする店と計算で最適化する店では、同じ売上でも手元に残る利益が全然違うんです,例えるなら、必要以上に大きな家を借りて生活費が圧迫されるか、適正サイズで余裕のある生活をするか、どっちが賢いか分かりますよね,正解は、席数・導線・回転率を計算して、売上効率の最も高い面積を設計することなんです,20席で回転率3回なら60人分、25席で回転率2.2回なら55人分。計算すれば最適解が見えてきます,この効率設計ができてる店は、コンパクトでも高収益を実現して、競合より利益率が高いんです,「広い方が良い」って思ってた頃の僕に、今なら絶対この話をしたいです,今すぐ現在の席数・回転率・坪数を計算して、坪効率の改善余地を確認してください,ゾーニング/家族経営強み/誕生日水曜日/コロナ前変化/任せる視座/現場動線/アルバイト哲学/撤退立地/夢語り予約/マルチチャネル
26,完了,2025-07-20,キッチン後回し設計の罠,業態・出店,「キッチンの広さはあとから調整すればいい」,オペレーションが崩れ、提供速度や品質が下がる,業態に合わせた厨房動線・機材配置を事前に設計する,「キッチンは後回しでええやろ」って思ってる店100％潰れます,キッチンの配置って、最後にテキトーに決めてませんか？,「とりあえず入るとこに機材置いとこ」って、見切り発車してるでしょ？,でもそれ、お客様の提供時間を毎回5分遅らせてる致命的ミスです,このまま放置したら、スタッフは疲弊し、お客様は待たされ、確実に評価下がります,最近、注文受けてから提供まで時間かかってるなって感じてませんか？,キッチンの動線がぐちゃぐちゃやから、スタッフが無駄に歩き回ってる状況ですよね,でもそれで毎日疲れ切って、品質まで落としてしまってる,動線設計を甘く見てると、どんなにスタッフ増やしても改善しません,オープン前のキッチン設計で、その店の未来が80％決まってしまいます,効率的な店と非効率な店、3ヶ月後には売上に倍の差がつきます,たとえば冷蔵庫からコンロまで3歩で行ける店と、10歩歩かなあかん店、どっちが早いか明らかですよね,厨房設計は「体の動き」を最優先で考えるもんです,よく使う道具は全部、手を伸ばしたら届く範囲に配置してください,調理の流れに沿って、仕込み→加熱→盛付→提供の一直線を作るんです,「なんかいつも忙しい割に数字が伸びん」って思ってる人、絶対キッチン見直してください,設計し直すなら今です。後回しにするほど改善コストが高くなります,歩留計算・現場動線・アルバイト育成・職場哲学・物価高対応
27,完了,2025-01-10,個人趣味業態の罠,業態・出店,「自分のやりたい業態」だけを重視する,顧客ニーズとズレて空席ばかりになる,理想と市場ニーズの交点で業態を設計する（ミクロ＆マクロ視点）,「自分のやりたい業態」だけで突っ走ってる経営者、それお客様無視の自己満足ですよ,俺の理想の店を作るんやって、市場調査もせずに好きな業態を選んでません？,お客様のことより、自分が楽しめる・やりがいのある業態を優先してませんか？,でもそれ、趣味の延長であって商売じゃないです,このままやと、理想は高いけど空席だらけで、夢と現実のギャップに苦しみますよ,「好きなことで商売」って思ってる経営者さん、実は一番リスクの高い発想なんです,分かりますよ、せっかく店をやるんやから自分の理想を追求したいし、妥協したくない気持ちも,でもほんまは、自分の理想と市場ニーズの両方を満たさないと続かないって知ってましたか？,お客様が求めてないものを提供し続けても、誰も来ない自己満足の店になるだけなんです,今日は、なんで「理想×市場ニーズの交点」が成功業態の条件なのかをお伝えします,自分主体で決める店と市場と理想の交点を狙う店では、開業後の集客力が雲泥の差になるんです,例えるなら、自分の好きな音楽だけ演奏するバンドと、観客も楽しめる音楽を選ぶバンド、どっちが人気出るか分かりますよね,正解は、自分の強み・やりたいことと、地域の未充足ニーズを重ね合わせて業態を設計することなんです,イタリアン好き×地元野菜活用ニーズ=地産地消イタリアン、みたいな交点を見つける作業が重要,この交点設計ができてる経営者は、やりがいを持ちながら確実に集客して、長期繁盛してるんです,「好きなことだけやりたい」って思ってた頃の僕に、今なら絶対この話をしたいです,今すぐ自分のやりたいことと、地域で不足している業態をリストアップして交点を探してください,ゾーニング/家族経営強み/誕生日水曜日/コロナ前変化/任せる視座/現場動線/アルバイト哲学/撤退立地/夢語り予約/マルチチャネル
28,完了,2025-01-10,坪数信仰の罠,業態・出店,「坪数が増えれば売上も上がる」と思っている,オペレーションが複雑になり、利益が減る,売上よりも「坪効率」「人時売上」など生産性指標で判断する,「坪数増やせば売上も比例して上がる」って思ってる経営者、それ利益を削る勘違いですよ,席数が増えれば客数も増えるし、面積が広がれば売上も伸びるって単純計算してません？,とりあえず大きくすれば規模の経済で有利になるやろって考えてませんか？,でもそれ、オペレーション崩壊と利益悪化の始まりです,このままやと、売上は上がっても人件費・光熱費が膨らんで、手元に残る利益は減りますよ,「大きくすれば儲かる」って思ってる経営者さん、実は逆効果になるパターンが多いんです,分かりますよ、拡大すれば安定するし、小さい店より大きい店の方が成功しそうに感じる気持ちも,でもほんまは、売上の絶対額より「効率性」で勝負するのが飲食業やって知ってましたか？,面積が増えるほど管理が複雑になって、スタッフの連携も悪くなって品質が落ちるんです,今日は、なんで「生産性指標での判断」が利益最大化の鍵なのかをお伝えします,面積で勝負する店と効率で勝負する店では、同じ売上でも利益率が全然違うんです,例えるなら、大きな畑をテキトーに耕すか、小さな畑を丁寧に育てるか、どっちが収穫量多いか分かりますよね,正解は、坪効率・人時売上・席回転率などの生産性指標で最適サイズを判断することなんです,20席で坪効率10万円と、30席で坪効率6万円なら、前者の方が圧倒的に利益が残ります,この効率重視ができてる経営者は、コンパクトでも高収益を実現して、拡大より利益を優先してるんです,「大きくすれば安心」って思ってた頃の僕に、今なら絶対この話をしたいです,今すぐ現在の坪効率と人時売上を計算して、拡大より効率改善を優先してください,ゾーニング/家族経営強み/誕生日水曜日/コロナ前変化/任せる視座/現場動線/アルバイト哲学/撤退立地/夢語り予約/マルチチャネル
29,完了,2025-07-20,勘と経験出店の罠,業態・出店,出店計画を「勘と経験」で決める,想定外の出費や失敗が多く、成長が鈍化する,事業計画書・シミュレーションを作成し、根拠ある判断を行う,「勘と経験で出店決めて」って言うた瞬間に失敗確定です,なんとなく「ここ良さそうやな」って感覚だけで物件決めてませんか？,立地も内装も「まあなんとかなるやろ」って楽観視してるでしょ？,でもそれ、ギャンブルと変わりません,このままやと想定外の出費で毎月赤字、2年持たずに閉店コースです,「家賃安いから大丈夫やと思ったのに…」って後悔してる経営者何人も見てきました,事業計画なんて面倒やし、数字苦手やからって逃げてますよね,でもその「面倒」が命取りになって、開店3ヶ月で資金ショートするんです,勘で出店して成功した時代はもう終わってます,今から話すのは、出店で失敗しない「数字の根拠」の作り方です,適当に決めた店と計算し尽くした店、1年後どっちが残ってるか想像できますよね,たとえば月商300万目指すなら、客単価2000円なら1500人、3000円なら1000人必要って計算できます？,出店は「計算」です。感覚で決めるもんじゃありません,事業計画書で売上予測・固定費・変動費を全部洗い出してください,開店前に損益分岐点を計算して、最低限の目標を明確にするんです,「計算したら意外と厳しいな…」って気づいた人、それが正常な判断力です,出店する前に必ず数字で検証しましょう。勘に頼るのは今日で卒業です,プロフィール設計・属人料理・SNS継続・AI活用・インフルエンサー集客
32,完了,2025-07-20,人気メニュー変更の罠,メニュー開発,人気メニューを頻繁に変えてしまう,常連客が離れ、顧客の記憶に残らない,定番は「固定」、季節限定や変化球でバランスを取る,「人気メニューころころ変えて」って店は確実に常連失います,新しいメニュー出したくて、人気メニュー変えてしまってませんか？,「飽きられるかもしれん」って不安で、定番料理まで変更してるでしょ？,でもそれ、お客様の記憶を消してるだけです,この調子やと「あのメニューどこ行った？」って常連客離れて、新規も定着しません,最近「前のメニューの方が良かった」って言われること増えてませんか？,お客様に喜んでもらいたくて新メニュー開発頑張ってますよね,でもそれで毎回「なんか前とちゃう」って期待外れにさせてしまってる,メニューを変える = 改善やと思ってる時点で大間違いです,お客様が求めてるのは「新しさ」やなくて「安心感」なんです,定番を守る店と変化ばかりの店、1年後どっちにファンが多いか明らかですよね,たとえば「いつものあれ」って注文できる店と、毎回メニュー探す店、どっちが楽か分かります？,メニューは「定番 + 季節限定」の組み合わせが正解です,看板メニューは絶対に変えず、限定メニューで変化をつけてください,定番は安心感、限定は新鮮さ、この2つのバランスで顧客満足度が決まります,「あのメニューまた食べたい」って思ってもらえるのが真のファン化です,定番メニューは店の顔です。勝手に変えるのは今日でやめましょう,立地選定・給料以外退職理由・マルチチャネル・現場研修・カット済み仕入れ
37,完了,2025-07-20,価格直感決定の罠,メニュー開発,「価格は直感で決める」,利益が取りづらく、価格の説得力も弱い,原価率、競合、心理価格を考慮して適正価格を導く,「なんとなく800円にしとこ」って価格決めてる店は絶対に潰れます,メニューの値段って、感覚で決めてませんか？,「まぁこれぐらいやったら…」って適当につけてるでしょ？,でもそれ、利益を捨ててるだけです,このまま直感価格やと、売れば売るほど赤字になる商品だらけになります,「なんか思ったより利益残らんな…」って最近感じてませんか？,お客様に喜んでもらえる価格をつけたいって気持ちはよく分かります,でもそれで毎月利益が足りなくて苦しんでるんじゃ本末転倒ですよね,価格設定は「優しさ」やなくて「戦略」です,今から話すのは、お客様も納得して利益も確保できる価格戦略です,感覚で決めた店と計算し尽くした店、1年後どっちが儲かってるか想像できますよね,たとえば原価300円の商品を800円で売るのと1000円で売るの、たった200円の差で月利益が10万変わります,価格は「原価率・競合・心理価格」の3つで決めるもんです,まず原価率30％以下を目安に基準価格を出してください,次に競合店の価格を調べて、差別化できる価格帯を見つけるんです,「安すぎて不安」「高すぎて手が出ない」この間の絶妙なラインが正解価格です,価格設定は経営の根幹です。勘に頼るのは今日で卒業しましょう,マルチチャネル・広告依存・1on1マネジメント・業態選択・キッチンカー参入
39,完了,2025-07-20,アレルギー表示不足の罠,メニュー開発,アレルギー表示や説明が不十分,トラブルや不信感につながり、顧客離れを招く,表記とスタッフ教育を徹底し、安心して選ばれるメニューにする,「アレルギー？大丈夫やろ」って思ってる店は確実に事故起こします,アレルギー表示って、面倒やから適当にしてませんか？,「そんな細かいこと聞かれへんやろ」って油断してるでしょ？,でもそれ、お客様の命に関わる問題です,このまま放置したら、アレルギー事故で営業停止、最悪訴訟リスクもあります,最近「○○は入ってますか？」って質問されること増えてませんか？,お客様に安心して食事してもらいたいって気持ちはありますよね,でもアレルギー対応が曖昧やから、不安にさせてしまってる,表示不足は「手抜き」やなくて「危険行為」です,今から話すのは、お客様に安心してもらえるアレルギー対策です,適当な表示の店と徹底してる店、どっちが信頼されるか明らかですよね,たとえば「小麦・卵・乳製品使用」って明記してある店と「詳しくはスタッフまで」だけの店、どっちが安心？,アレルギー対応は「表記・教育・確認」の3ステップです,メニューに主要アレルゲン7品目は必ず表記してください,スタッフ全員が材料を把握して、迷わず答えられるよう教育するんです,「分からない時は確実に調べます」って姿勢がお客様の信頼につながります,アレルギー対応は店の責任です。曖昧な対応は今日でやめましょう,焼肉職人技・エリア動線・ネット情報統一・顧客視点・立地FLR
42,完了,2025-07-20,安価仕入れ業者の罠,原材料と仕入,安さだけで仕入れ業者を選ぶ,品質に問題が出たり、急な欠品や納期遅れのリスクが増大,価格・品質・信頼性のバランスを重視し、リスク分散する,「とりあえず安いとこで」って仕入れしてる店は絶対に詰みます,仕入れ業者って、値段だけで決めてませんか？,「安いから大丈夫やろ」って適当に選んでるでしょ？,でもそれ、品質とリスクを無視した危険な選択です,この調子やと品質トラブルや欠品で、お客様に迷惑かけて信頼失います,最近「なんか前より品質落ちたな…」って感じることありませんか？,食材費を抑えたくて安い業者を探す気持ちはよく分かります,でも安さの裏には必ず理由があって、それがリスクになってる,仕入れは「安さ」やなくて「安定性」で選ぶもんです,今から話すのは、コストと品質を両立する仕入れ戦略です,安いだけの業者と信頼できる業者、1年後どっちが得してるか想像できますよね,たとえば急に欠品して代替品探すコストと、最初から信頼できる業者にした場合、どっちが安い？,仕入れは「価格・品質・信頼性」の3つで判断するもんです,メイン業者とサブ業者を決めて、リスク分散してください,品質基準を明確にして、定期的にチェックする仕組みを作るんです,「安くて良い業者」より「信頼できる適正価格の業者」が正解です,仕入れは店の生命線です。価格だけで決めるのは今日でやめましょう,閉業業態・再訪率・求人共感・人事信頼・撤退判断
43,完了,2025-07-20,食材ロス放置の罠,原材料と仕入,食材ロスを「仕方ない」と放置,食材コストが増大し、利益を圧迫する,発注量・保存法・メニュー設計を最適化し、ロスを削減する,「食材ロスは仕方ない」って諦めてる店は確実に赤字になります,廃棄する食材見て「もったいないな」って思うだけで終わってませんか？,「ロスは必要経費やから」って諦めてるでしょ？,でもそれ、利益を毎日ゴミ箱に捨ててるのと同じです,このまま放置したら、月10万以上のロスが積み重なって経営圧迫します,最近廃棄する食材の量が増えてるなって感じてませんか？,お客様においしい料理を提供したくて多めに仕入れる気持ちは分かります,でもロスが多いってことは、発注や保存の仕組みに問題があるんです,ロスは「仕方ない」やなくて「改善できる」ものです,今から話すのは、品質を保ちながらロスを削減する具体的方法です,ロス対策してる店と放置してる店、1年後どっちが利益出てるか明らかですよね,たとえば1日1000円のロスでも、年間36万5000円の損失になります,ロス削減は「発注・保存・メニュー」の3つで攻めるもんです,需要予測を立てて、適正な発注量を決めてください,先入先出法と適切な保存温度で、食材の無駄を最小限にするんです,「もったいない」を数字で管理すれば、必ず利益に直結します,食材ロスは経営の無駄です。仕方ないで済ませるのは今日でやめましょう,閉業業態・再訪率・求人共感・人事信頼・撤退判断
44,完了,2025-07-20,人気食材在庫切れの罠,原材料と仕入,人気食材が常に在庫切れ,機会損失が発生し、顧客満足度も低下,需要予測と発注タイミングの改善、代替メニューも準備する,「品切れです」って毎回言ってる店は確実にお客様失います,人気メニューの食材って、いつも足りなくなってませんか？,「まさか今日もこんなに出るとは」って後悔してるでしょ？,でもそれ、売上の機会を毎日逃してるってことです,このまま在庫切れ続けたら、お客様は諦めて他の店に流れていきます,最近「すみません、品切れで…」って謝ること増えてませんか？,人気商品の需要を読むのは難しくて、予想以上に注文が入る時ありますよね,でも在庫切れはお客様をがっかりさせて、リピート率も下げてしまってる,在庫管理は「勘」やなくて「データ」で行うもんです,今から話すのは、品切れを防いで売上を最大化する在庫戦略です,いつも品切れの店と安定供給の店、どっちが信頼されるか想像できますよね,たとえば人気メニュー1品の売上機会を1日3回逃すと、月で9万円の損失です,在庫管理は「予測・発注・代替」の3つで完璧にするもんです,過去のデータから需要予測を立てて、余裕を持った発注をしてください,メイン食材が切れた時の代替メニューも準備しておくんです,「品切れ知らず」の店になることが、お客様の信頼獲得につながります,在庫切れは機会損失です。勘に頼るのは今日でやめましょう,閉業業態・再訪率・求人共感・人事信頼・撤退判断
54,完了,2025-07-20,調理機器メンテ後回しの罠,現場運営,調理機器のメンテナンスが後回し,急な故障や事故が発生し、営業停止リスクに直結,月1回のチェックリストを作り、予防保全と早期対応を徹底,「機械は壊れるまで使う」って思ってる店は絶対に営業停止になります,調理機器のメンテナンス、後回しにしてませんか？,「今動いてるから大丈夫やろ」って油断してるでしょ？,でもそれ、営業中の突然故障で大損失するリスクです,このまま放置したら、ピークタイムに機器故障で売上も信頼も失います,最近機器の調子が悪いなって感じること増えてませんか？,機器のメンテナンスって面倒やし、費用もかかるから後回しにしたくなりますよね,でもその「後回し」が結果的に大きな損失を生んでしまってる,機器管理は「故障対応」やなくて「故障予防」で行うもんです,今から話すのは、機器故障を防いで安定営業する保全戦略です,メンテしてる店と放置してる店、どっちが長期安定するか想像できますよね,たとえば冷蔵庫が故障して1日営業停止になると、売上損失だけで10万円超えます,機器管理は「点検・清掃・記録」の3つで完璧にするもんです,月1回のチェックリストを作って、全機器の状態を確認してください,小さな異常も記録して、業者と相談する習慣をつけるんです,「予防保全」の意識が、安定した営業継続につながります,機器故障は予防できます。壊れるまで使うのは今日でやめましょう,凡事徹底・キッチンカー参入・料理提供仕組み・開業自己流・業態選択
56,完了,2025-07-20,不要機材放置の罠,現場運営,使わない機材・備品がそのまま放置,スペースが無駄になり、ミスや事故の温床になる,定期的な棚卸と「断捨離日」を設けて現場をスリムに保つ,「いつか使うかも」って機材溜め込んでる店は確実に事故起こします,使わない機材や備品、そのまま置いてませんか？,「もったいないし、いつか使うかも」って放置してるでしょ？,でもそれ、現場の効率と安全性を下げる危険な習慣です,このまま放置したら、スペース不足で作業効率落ちて、事故リスクも増大します,最近現場が狭くて動きにくいなって感じることありませんか？,物を捨てるのはもったいないし、高い機材やからって置いときたくなりますよね,でも使わない物が現場にあることで、毎日の作業が非効率になってる,現場管理は「保管」やなくて「必要な物だけ」で行うもんです,今から話すのは、現場をスリムにして効率を最大化する整理戦略です,整理された現場と物だらけの現場、どっちが安全で効率的か想像できますよね,たとえば不要な機材で動線が悪くなると、1日の作業効率が20％も下がります,整理整頓は「仕分け・処分・配置」の3つで完璧にするもんです,月1回「断捨離日」を設けて、使わない物は処分してください,必要な機材だけを適切な場所に配置して、動線を最適化するんです,「整理された現場」が、効率と安全性の向上につながります,不要な物は事故の元です。いつか使うかもは今日でやめましょう,凡事徹底・キッチンカー参入・料理提供仕組み・開業自己流・業態選択
61,完了,2025-07-20,求人おしゃれ強調の罠,人材,"求人票に""おしゃれ""や""やる気""ばかりを強調している",応募数が伸びず、来てもすぐ辞める,求職者が重視する「給与」「シフトの柔軟さ」「人間関係」など具体的情報を打ち出す,「おしゃれな職場で働こう」って求人出してる店は絶対に人来ません,求人票に「やる気重視」「おしゃれ」ばっかり書いてませんか？,「アットホームな職場です」って曖昧な表現してるでしょ？,でもそれ、求職者が本当に知りたい情報じゃありません,この調子やと応募数は伸びないし、来てもすぐ辞められます,最近求人出しても全然応募来ないなって感じてませんか？,お店の雰囲気や理念をアピールしたい気持ちはよく分かります,でもそれより求職者が知りたいのは、もっと現実的な条件なんです,求人は「イメージ」やなくて「具体的条件」で勝負するもんです,今から話すのは、応募者に刺さる求人作成の具体的戦略です,曖昧な求人と具体的な求人、どっちに応募したくなるか想像できますよね,たとえば「やる気重視」より「時給1200円、週3日OK、シフト相談可」の方が魅力的です,求人成功は「給与・時間・環境」の3つを明確にするもんです,時給、勤務時間、休日、昇給制度を具体的に書いてください,職場の人間関係や教育体制の情報も、数字や事例で伝えるんです,「働きたい」と思える条件提示が、良い人材の応募につながります,求人は感情論じゃありません。具体的条件で勝負しましょう,凡事徹底・キッチンカー参入・料理提供仕組み・開業自己流・業態選択
62,完了,2025-07-20,初日対応雑の罠,人材,採用後の初日対応が雑,"入ったその日に辞める""即日退職""が頻発",初日は「歓迎担当」を決めて案内とフォローを丁寧に行うしくみを設ける,「じゃあよろしく」って初日放置してる店は確実に即日退職されます,新人さんの初日対応、雑になってませんか？,「とりあえず先輩についとって」って適当にしてるでしょ？,でもそれ、せっかく来てくれた人材を初日で失ってる最悪な対応です,このまま雑な対応続けたら、即日退職が頻発して人手不足が加速します,最近新人さんが初日で「やっぱり無理です」って辞めること増えてませんか？,忙しい現場やから、新人対応まで手が回らない気持ちはよく分かります,でも初日の印象が悪いと、その人はもう戻ってこない,初日対応は「教育」やなくて「歓迎」から始めるもんです,今から話すのは、新人が安心して働き続けたくなる初日戦略です,雑な初日対応の店と丁寧な歓迎の店、どっちで働きたいか想像できますよね,たとえば放置される初日と、専属担当がついて丁寧にフォローしてくれる初日、どっちが安心？,初日成功は「歓迎・案内・フォロー」の3つで決まるもんです,専属の歓迎担当を決めて、その日は新人さんに集中してもらってください,店内案内、基本業務説明、休憩時の雑談まで、全部セットで行うんです,「また明日も頑張ろう」って思ってもらえる初日が、定着率を上げます,初日は投資です。雑な対応で人材を失うのは今日でやめましょう,職場哲学・マーケティング・任せる視座・販路分散・EC利用シーン
63,完了,2025-07-20,OJT教育バラバラの罠,人材,OJTまかせで教育体制がバラバラ,教える人によってクオリティが変わり、習熟にムラが出る,1ヶ月のトレーニングスケジュールと習得基準を明文化し、誰が教えても同じ成果が出るよう整備,「先輩見て覚えて」って教育してる店は確実に人が育ちません,OJTを先輩任せにしてませんか？,「見て覚えるのが一番」って古い考えでやってるでしょ？,でもそれ、教える人次第で全然違う結果になる危険な方法です,このままバラバラ教育続けたら、スタッフの技術格差が広がって現場が混乱します,最近「この人とあの人、同じこと教えたのに全然違う」って感じませんか？,ベテランスタッフに任せておけば安心やと思いたくなりますよね,でも人によって教え方が違うから、新人さんが混乱してしまってる,教育は「感覚」やなくて「システム」で行うもんです,今から話すのは、誰が教えても同じ成果が出る教育戦略です,バラバラ教育の店と統一教育の店、どっちが人材育成できるか想像できますよね,たとえば先輩Aと先輩Bで教え方が違うと、新人さんはどっちが正解か分からなくなります,教育成功は「スケジュール・基準・チェック」の3つで決まるもんです,1ヶ月の習得スケジュールと基準を明文化してください,誰が教えても同じ内容・同じ順序で進められる仕組みを作るんです,「統一された教育」が、安定した人材育成につながります,教育は属人化させちゃダメです。システム化するのは今日から始めましょう,職場哲学・マーケティング・任せる視座・販路分散・EC利用シーン
64,完了,2025-01-10,シフト調整トラブルの罠,人材,シフト調整が毎回トラブルになる,希望が通らない、連絡が遅いなどで不満がたまり辞職につながる,シフト希望表とLINE連絡ルール、調整締切などを可視化しストレスを減らす,シフト調整で毎回もめてる店、それスタッフ流出の一番の原因ですよ,希望出したのに全然通らへん、連絡もギリギリって不満たまってません？,みんなバラバラに希望出してきて、調整が後手後手になってませんか？,ちょっと待って、それスタッフの問題やなくて仕組みの問題です,放置すると、シフトへの不満から優秀なスタッフがどんどん辞めていきますよ,「みんなわがまま言いすぎ」って思ってるなら、実はそのストレスがスタッフにも伝わってるかもしれません,確かに、忙しい中でシフト調整まで手が回らないし、公平にするのも難しい気持ちわかります,実際のところ、シフト管理が原因で退職する人って、給料より多いんです,その不満を放置してると、職場の雰囲気も悪くなって悪循環が始まります,この動画では、シフト調整のストレスを9割減らす仕組みづくりをお伝えします,ルールが曖昧な店とシステム化してる店では、スタッフの定着率が全然違うんです,よくあるのは、口約束で希望聞いて、頭の中だけで調整しようとするパターンですよね,答えは、希望提出の締切・調整ルール・連絡方法を全部見える化することなんです,LINE連絡ルールで「○日までに希望提出、○日に確定通知」みたいに決めて、調整の優先順位も明文化する,この仕組みにした店は、シフト関連の退職がゼロになって、スタッフからの信頼も格段に上がりました,「シフトでもめるのが当たり前」って思ってた頃の僕に、今なら絶対この話をしたいです,まずは来月のシフト締切日を決めて、LINEでルール共有してみてください,FL60%/マルチチャネル/属人料理/コロナ前変化/レトルト商品/FL比率/インフルエンサー集客/立地選定/仕掛けマネジメント/限界利益
65,完了,2025-01-10,評価制度なしの罠,人材,"評価制度がない（または""店長の気分""）",頑張っても報われず、成長意欲が下がる,明確な評価指標（例：接客点数、スピード、正確さ）を用意し、月1面談を設ける,評価が「店長の気分」で決まってる店、スタッフのやる気殺してるのと同じですよ,いくら頑張っても認められてるかわからへん、給料も昇進も曖昧って感じてません？,今日はよくやった、明日はダメ出しって、基準がバラバラになってませんか？,実は、それ公平な評価やなくて感情的な判断になってるだけです,気づいたら、向上心のあるスタッフほど見切りをつけて、やる気ない人だけが残りますよ,「ちゃんと見てるから大丈夫」って思ってるかもしれませんが、評価される側には全然伝わってない可能性が高いです,その気持ち、理解できます、毎日現場見てるからスタッフの頑張りもわかるし、いちいち点数つけるのも面倒ですよね,本音を言うと、明確な基準がないと頑張る方向もわからないし、成長実感も持てないんです,評価制度って堅苦しく感じるかもしれませんが、実はスタッフの安心感につながってるんです,今から、なぜ「明確な評価基準」がスタッフのモチベーション向上の鍵なのかを説明します,評価が曖昧な店と基準が明確な店では、スタッフの成長スピードと定着率が雲泥の差になります,これって、学校のテストで採点基準が毎回変わるようなもんで、努力の方向性がわからなくなるんです,コツは、接客スキル・作業スピード・チームワークなど、具体的に点数化できる項目を作ることなんです,月1回の面談で「今月の接客点数85点、来月は90点目指そう」みたいに数値で成長を実感させる,この評価制度を導入した店は、スタッフの自主性が上がって、離職率も半分以下になりました,「評価なんて感覚でわかる」って思ってた頃の僕に、今なら絶対この話をしたいです,明日から接客・作業・チームワークの3項目で、5段階評価を始めてみてください,FL60%/マルチチャネル/属人料理/コロナ前変化/レトルト商品/FL比率/インフルエンサー集客/立地選定/仕掛けマネジメント/限界利益
66,完了,2025-01-10,ミーティングなしの罠,人材,ミーティングや個別面談がない,不満や不安が溜まり、突然の退職につながる,月1回の1on1や、朝礼・終礼でのミニチェックインを習慣化,ミーティングも面談もなしで現場回してる店、スタッフの心の声聞こえてますか？,忙しい毎日でスタッフとゆっくり話す時間ないし、みんな元気そうやから大丈夫って思ってません？,現場では普通に働いてるから問題ないやろって、安心してませんか？,残念ながら、それ表面しか見えてない危険な状態です,結果的に、不満や不安が蓄積されて、ある日突然「辞めます」って言われることになりますよ,「特に相談もないし、みんな大丈夫そう」って思ってるなら、実はそれが一番心配な状況かもしれません,僕も昔は、現場が回ってれば問題ないって思ってました、面談なんて時間の無駄やと,ただ、人って問題を抱えてても表に出さないもんやし、限界が来てから相談するケースがほとんどなんです,その時にはもう手遅れで、貴重な戦力を失うことになってしまいます,このリールで、スタッフの本音を早期キャッチする仕組みづくりのコツを紹介します,コミュニケーションがある店とない店では、突然の退職率が3倍も違うって知ってました？,想像してみてください、小さな不満でも溜まり続けると、最後は爆発して取り返しがつかなくなりますよね,ポイントは、月1回の1on1と毎日の朝礼・終礼でのミニチェックインを習慣化することなんです,「最近どう？」「何か困ってることない？」5分でいいから個別に話す時間を作るだけで変わります,この習慣を始めた店は、退職予防率が8割アップして、スタッフとの信頼関係も深まりました,「みんな忙しいから話しかけるのも悪い」って遠慮してた頃の僕に、今なら絶対この話をしたいです,一度今週中にスタッフ一人ひとりと5分だけでも個別に話す時間を作ってみてください,FL60%/マルチチャネル/属人料理/コロナ前変化/レトルト商品/FL比率/インフルエンサー集客/立地選定/仕掛けマネジメント/限界利益
67,完了,2025-01-10,忙しさ美徳の罠,人材,忙しさを美徳とし、労働時間の長さを放置,過労・離職・求人コスト増に直結,業務の分解と効率化を図り、適正労働時間で回る仕組みにする,「忙しく働いてる＝頑張ってる」って美徳にしてる経営者、それブラック思考ですよ,長時間働いてもらってる方が売上も上がるし、スタッフも成長するって思ってません？,みんなバタバタ働いてる姿を見て、活気があっていい店やなって満足してませんか？,それって、効率の悪さを努力でごまかしてるだけなんです,その先には、スタッフの過労・離職・求人コストの無限ループが待ってますよ,「うちはみんな頑張り屋やから大丈夫」って思ってるかもしれませんが、体力には限界があります,気持ちはよく分かります、みんなが一生懸命働いてくれてるし、売上のためには仕方ないって気持ちも,ところが、長時間労働って実は生産性を下げてるし、ミスも増えてお客様満足度も落ちるんです,忙しさを美徳にしてると、根本的な問題解決から目を逸らすことになってしまいます,実は、なぜ「効率化による適正労働時間」が利益と働きやすさを両立させるのかを解説します,忙しさで回す店と効率で回す店では、同じ売上でもスタッフの満足度と定着率が全然違います,例を挙げると、毎日残業してる工場と、8時間でキッチリ終わる工場、どっちで働きたいかは明白ですよね,実は、業務を分解・標準化して、無駄な作業をなくし、適正な人員配置で回る仕組みを作ることなんです,調理工程の見直し、発注システム化、シフト最適化、これで労働時間3割削減しても売上維持できた店があります,この効率化を実現した店は、離職率が激減して、新人教育コストも大幅に下がりました,「忙しくしてれば何とかなる」って思ってた頃の僕に、今なら絶対この話をしたいです,今度の週末に、一番時間のかかってる作業を1つピックアップして効率化を検討してみてください,FL60%/マルチチャネル/属人料理/コロナ前変化/レトルト商品/FL比率/インフルエンサー集客/立地選定/仕掛けマネジメント/限界利益
68,完了,2025-01-10,店主優しすぎの罠,人材,"店主が""いい人""すぎて注意や改善が言えない",問題が放置され、チーム全体の士気が下がる,「ルール」「行動指針」を定めて、感情ではなく仕組みで指摘できる体制を整える,「優しい店主」が店を潰すって知ってました？注意できない経営者ほど危険です,スタッフに嫌われたくないから、問題があっても見て見ぬふりしてません？,みんなの機嫌を損ねたくなくて、強く言えずについつい甘くなってませんか？,それって、一見優しいようで実は無責任なんです,このままやと、問題スタッフの行動がエスカレートして、真面目なスタッフまで士気が下がりますよ,「注意するのがしんどい」って気持ち、すごくわかります、みんなと仲良くやりたいし、険悪になるのも嫌ですよね,僕も昔は、注意するくらいなら自分が我慢した方がマシやって思ってました,実際のところ、問題を指摘されないスタッフは成長機会を奪われてるし、他のスタッフも不公平感を持つんです,優しさと甘さは違うんです、本当の優しさは時には厳しさも必要になります,今日は、感情ではなく「仕組み」で問題解決する方法をお伝えします,注意を感情で伝える店とルールで伝える店では、スタッフの受け入れ方と改善率が全然違います,例を挙げると、親が子供を叱る時も「ダメ！」より「なぜダメか」を説明する方が効果的ですよね,答えは、行動指針・ルール・評価基準を明文化して、個人の感情じゃなく基準で指摘することなんです,「遅刻3回で面談」「接客評価○点以下で指導」みたいに、誰が見ても納得できる基準を作る,このルール化を導入した店は、注意がしやすくなって、スタッフの自律性も向上しました,「嫌われるのが怖い」って思ってた頃の僕に、今なら絶対この話をしたいです,明日から職場のルールを3つだけ明文化して、全員に共有してみてください,FL60%/マルチチャネル/属人料理/コロナ前変化/レトルト商品/FL比率/インフルエンサー集客/立地選定/仕掛けマネジメント/限界利益
69,完了,2025-01-10,スタッフ間人間関係無関心の罠,人材,スタッフ間の人間関係に無関心,派閥・無言のいじめなどが起き、退職が連鎖,定期的に匿名アンケートを行い、雰囲気の変化を察知するしくみを入れる,スタッフ間の人間関係に無関心な経営者、職場の毒が店全体に回ってるのに気づいてますか？,最近なんとなく職場の空気が重い、ギスギスしてるなって感じません？,みんな仲良くやってるやろうし、大人やから人間関係は自分たちで解決してくれるって思ってませんか？,その放置プレー、組織を内側から腐らせる一番の原因です,長期間放置すると、派閥ができて優秀なスタッフから順番に辞めていく負のスパイラルが始まりますよ,「みんな大人やから大丈夫」って思ってるかもしれませんが、実は水面下で深刻な問題が進行してる可能性があります,その気持ち、すごくわかります、プライベートな関係まで口出しするのも変やし、どこまで関わるべきかわからないですよね,ところが、人間関係の悪化って業務効率・接客品質・売上まで全部に悪影響を与えるんです,職場の人間関係は放置しても改善しません、むしろ時間が経つほど修復が困難になります,実は、スタッフ間の関係性悪化を早期発見する仕組みづくりの方法をお教えします,人間関係に無関心な店と定期的にケアしてる店では、チームワークと離職率に天と地の差が出ます,これって、家庭でも夫婦喧嘩をそのまま放置してたら、最後は離婚になるのと同じ構造ですよね,実は、定期的な匿名アンケートと雰囲気チェックで、問題を未然に防ぐことができるんです,月1回の匿名アンケートで「職場の雰囲気どう？」「困ってることない？」って聞くだけで早期発見できる,この仕組みを導入した店は、人間関係のトラブルが9割減って、チーム結束も格段に向上しました,「スタッフ同士の問題は当事者で解決して」って思ってた頃の僕に、今なら絶対この話をしたいです,今度のシフト作成時に、スタッフ全員に匿名で職場アンケートを実施してみてください,意思決定/Google口コミ/撤退判断/閉業業態/数字と人/給料以外退職/SNS投稿/キッチンカー/物価高対策/撤退立地
70,完了,2025-01-10,表彰感謝文化なしの罠,人材,表彰や感謝の文化がない,頑張りが当たり前となり、モチベーションが低下,小さな貢献でも月1回の「ありがとう発表」や「裏方賞」などで称賛の機会を作る,表彰も感謝もない職場で働かせてる経営者、スタッフの心折れてるのわかってますか？,どんなに頑張っても「当たり前」扱いで、褒められることもない職場ってしんどくないですか？,忙しい中でも一生懸命やってくれてるのに、特に声かけもせずスルーしてませんか？,そんな無反応な職場環境、モチベーション殺しの元凶なんです,このまま続けてると、頑張る意味を見失ったスタッフがどんどんやる気をなくしていきますよ,「給料もらってるんやから頑張るのが当然」って思ってるなら、それは昭和の価値観かもしれません,昔の僕もそうでした、忙しいから声かけなんて後回しで、みんな頑張ってくれて当たり前やと思ってて,実際のところ、人って小さな承認でも受けると、またやろうって気持ちになるもんなんです,感謝を伝えない文化は、頑張ってる人ほど馬鹿らしくなって辞めていく環境を作ってしまいます,今から、なぜ「感謝と称賛の仕組み化」がチーム力向上の秘訣なのかを説明します,感謝を伝える店と伝えない店では、スタッフの自主性と長期定着率が劇的に変わります,よくあるのは、頭の中では「ありがたい」って思ってても、口に出して伝えない経営者のパターンですよね,コツは、月1回の「ありがとう発表」や小さな貢献も見逃さない表彰制度を作ることなんです,「今月一番助かったのは○○さんの気配り」みたいに、具体的な行動を褒めて全員の前で発表する,この感謝文化を始めた店は、スタッフ同士も互いを認め合うようになって、職場の雰囲気が一変しました,「頑張って当たり前」って思ってた頃の僕に、今なら絶対この話をしたいです,今日の営業後に、一人ひとりの頑張りを見つけて「ありがとう」を直接伝えてみてください,意思決定/Google口コミ/撤退判断/閉業業態/数字と人/給料以外退職/SNS投稿/キッチンカー/物価高対策/撤退立地
71,完了,2025-07-20,常連偏重初来店放置の罠,顧客体験,常連との会話ばかりで初来店客が放置されがち,初めてのお客様が疎外感を覚え、リピートにつながらない,初来店時に必ず声がけする「ファーストタッチルール」を徹底し、導線案内やおすすめ説明をセットにする,「常連さん大事にしてる」って初来店放置してる店は確実に成長止まります,常連さんとの会話に夢中で、初来店のお客様ほったらかしにしてませんか？,「馴染みのお客様を大切に」って初回客を軽視してるでしょ？,でもそれ、新規顧客の獲得チャンスを毎回逃してる危険な習慣です,このまま常連偏重続けたら、新規リピートが増えずに売上成長が頭打ちになります,最近初来店のお客様が2回目来てくれないなって感じませんか？,常連さんとの関係を大切にしたい気持ちはよく分かります,でも初来店のお客様が疎外感感じてると、せっかくの新規が逃げてしまってる,接客は「馴染み優先」やなくて「初回優先」で行うもんです,今から話すのは、初来店客を確実にリピーターにする接客戦略です,常連偏重の店と初回重視の店、どっちが売上成長するか想像できますよね,たとえば初来店で放置される体験と、丁寧に案内してもらえる体験、どっちがまた行きたくなる？,初回接客は「声がけ・案内・説明」の3つで完璧にするもんです,初来店時に必ず声をかけて、メニューや店内を案内してください,おすすめ料理の説明や注文方法も、親切に教えるんです,「また来たい」と思ってもらえる初回体験が、リピート率を上げます,初来店は投資チャンスです。常連偏重は今日でやめましょう,職場哲学・マーケティング・任せる視座・販路分散・EC利用シーン
72,完了,2025-07-20,席配置回転率重視の罠,顧客体験,席配置が回転率重視で快適性を無視している,滞在時間が短くなり、評価サイトやSNSで悪評につながる,席の間隔や騒音レベル、動線をチェックし「居心地の良さ」を意識した配置に改善,「回転率上げよう」って詰め込み配置してる店は確実に評価下がります,席配置を回転率重視で決めてませんか？,「少しでも多く席作ろう」って窮屈にしてるでしょ？,でもそれ、お客様の快適性を犠牲にした短期思考の危険な判断です,このまま詰め込み続けたら、居心地悪くて口コミ評価が下がって逆効果になります,最近「席が狭い」「落ち着かない」って口コミ書かれること増えてませんか？,売上を上げるために回転率を重視したくなる気持ちはよく分かります,でも窮屈な店内やと、お客様がゆっくりできなくて満足度が下がってしまってる,席配置は「数」やなくて「居心地」で決めるもんです,今から話すのは、快適性と売上を両立する席配置戦略です,詰め込み配置の店と快適配置の店、どっちが長期的に成功するか想像できますよね,たとえば窮屈で落ち着かない店と、ゆったりくつろげる店、どっちにまた行きたくなる？,席配置成功は「間隔・騒音・動線」の3つのバランスで決まるもんです,席と席の間隔を適切に取って、会話が聞こえすぎない配置にしてください,通路幅も十分確保して、スタッフもお客様も動きやすくするんです,「居心地の良さ」が、お客様の満足度とリピート率を上げます,席配置は数より質です。詰め込み思考は今日でやめましょう,職場哲学・マーケティング・任せる視座・販路分散・EC利用シーン
73,完了,2025-01-10,サービス説明なしの罠,顧客体験,「ご自由にお取りください」のサービス説明がなく放置,サービスが伝わらず、顧客満足度を下げてしまう,卓上POPや一言の説明を加えるなど、伝える工夫を設ける,せっかくのサービスを説明なしで放置してる店、お客様に伝わってない可能性大ですよ,お水のおかわり自由、調味料各種、WiFi完備とか用意してるのに気づかれてない感じしません？,「見ればわかるやろ」「常識やから説明いらんやろ」って思ってませんか？,残念ながら、説明がないサービスは存在してないのと同じなんです,伝わらないサービスを放置してると、お客様は「普通の店」と思って二度と来なくなりますよ,「サービス充実してるのに評価されない」って思ってるなら、実は伝え方の問題かもしれません,昔の僕もそうでした、いろいろサービス用意してるのに、なんでお客様に響かないんやろうって,ただ、人って案外サービスに気づかないもんやし、遠慮して聞けない人も多いんです,親切なサービスも、伝える工夫がなければ宝の持ち腐れになってしまいます,この動画では、サービス価値を最大化する「伝える技術」をお伝えします,サービス説明がある店とない店では、顧客満足度とリピート率に大きな差が生まれます,想像してみてください、美味しい隠し味があっても説明されなかったら、気づかずに終わりますよね,答えは、卓上POP・声かけ・メニュー表記で、サービス内容を見える化することなんです,「お水・おしぼりおかわり自由です」「調味料お好みでどうぞ」って一言添えるだけで印象が変わる,この見える化を実践した店は、お客様からの感謝の声が増えて、満足度も格段に向上しました,「見ればわかる」って思ってた頃の僕に、今なら絶対この話をしたいです,今すぐ店内のサービスを見直して、わかりやすいPOPを1つ作ってみてください,意思決定/Google口コミ/撤退判断/閉業業態/数字と人/給料以外退職/SNS投稿/キッチンカー/物価高対策/撤退立地
74,完了,2025-01-10,予約管理属人的の罠,顧客体験,予約管理が紙や電話のみで属人的,ダブルブッキングや「予約したのに通されない」ミスが起きる,無料または低価格のオンライン予約ツールを導入し、スタッフ全員で情報共有できるようにする,予約管理を紙と電話だけでやってる店、ダブルブッキングの時限爆弾抱えてるようなもんですよ,手書きの予約表で管理してて、たまに「あれ？この予約誰が取った？」ってなりません？,「アナログの方が確実やろ」「システムなんて面倒なだけ」って思ってませんか？,でもその考え、お客様の信頼を失う直接の原因になってるんです,続けてると、ダブルブッキングや予約漏れでクレームが発生して、口コミでも炎上しかねませんよ,「今まで大きな問題起きてないから大丈夫」って思ってるかもしれませんが、運よく済んでるだけかもしれません,気持ちはよく分かります、新しいシステム覚えるのも面倒やし、今のやり方に慣れてるから変えたくないですよね,本音を言うと、属人的な管理って担当者不在の時に情報がわからなくなるリスクが高いんです,アナログ管理にこだわってると、お客様にもスタッフにもストレスを与えることになります,このリールで、予約管理をデジタル化して業務効率とお客様満足の両方を上げる方法を紹介します,アナログ管理の店とデジタル管理の店では、予約トラブル発生率が10倍以上違います,これって、家計簿を手書きでつけるか、アプリで管理するかくらいの効率差があるんです,ポイントは、無料予約ツールを使ってスタッフ全員が同じ情報を見れる環境を作ることなんです,TableCheckやRESY、Google予約などの無料ツールで、24時間予約受付＋情報共有が実現できる,このデジタル化を導入した店は、予約ミスがゼロになって、お客様からの信頼も格段に向上しました,「アナログが一番」って思ってた頃の僕に、今なら絶対この話をしたいです,来週までに無料予約システムを1つ試して、デジタル管理に切り替えてみてください,意思決定/Google口コミ/撤退判断/閉業業態/数字と人/給料以外退職/SNS投稿/キッチンカー/物価高対策/撤退立地
75,完了,2025-07-20,注文呼び出し気づかない罠,顧客体験,注文や呼び出しに気づかない時間がある,ストレス体験として記憶に残り、クレームや低評価の原因に,呼び鈴・タブレット注文・スタッフの視線移動など、複数のサインを捉えられる体制にする,「お客様の呼び出し」に気づかない店は確実にクレームもらいます,お客様が手を上げてるのに気づかないこと、ありませんか？,「忙しくて見えなかった」って後で気づいてるでしょ？,でもそれ、お客様にとっては最悪のストレス体験です,このまま気づかない時間続けたら、口コミで悪評広がって信頼失います,最近「店員さん全然来てくれない」って口コミ書かれること増えてませんか？,忙しい時間帯は料理に集中してて、ホール全体を見る余裕がなくなりますよね,でもお客様を待たせてる間に、不満とストレスが積み重なってしまってる,注文対応は「気づき」やなくて「システム」で管理するもんです,今から話すのは、お客様のサインを絶対に見逃さない対応戦略です,気づかない店と即座に対応する店、どっちが信頼されるか想像できますよね,たとえば手を上げても5分待つ店と、すぐに駆けつけてくれる店、どっちが気持ちいい？,注文対応は「視線・機器・連携」の3つで完璧にするもんです,呼び鈴やタブレット注文システムを導入してください,スタッフが定期的に客席を見回る習慣と、連携体制を作るんです,「すぐに気づく」体制が、お客様の満足度向上につながります,お客様を待たせるのは失礼です。気づかない体制は今日で改善しましょう,職場哲学・マーケティング・任せる視座・販路分散・EC利用シーン
76,完了,2025-01-10,回転率重視の罠,顧客体験,回転率を気にしてデザート・ドリンクの提供を急がせてしまう,食後の余韻を楽しむ客にとっては不快で、満足度を下げる,「ラストオーダー後はゆっくりしていただいて大丈夫です」などの気遣いを明言する,回転率ばかり気にして急かしてる店、お客様の心の満足まで奪ってるって気づいてますか？,ピーク時間やから早く席を空けてもらいたくて、ついつい急いでもらうような雰囲気出してません？,デザートとコーヒー注文されたら内心「早く食べて帰って」って思ってませんか？,そんな態度、お客様には絶対に伝わってるんです,急かし続けてると、「あの店は落ち着けない」って印象が定着して、リピーターを失いますよ,「回転率上げて売上アップ」って考えてるかもしれませんが、実は客単価と満足度を下げてるかもしれません,その悩み、昔の僕も同じでした、席数少ないからできるだけ多くの方に来てもらいたくて,実際のところ、食後のゆっくりした時間って、お客様にとって一番幸せな瞬間やったりするんです,回転効率だけを追求すると、お客様の体験価値を軽視することになってしまいます,今から、回転率と顧客満足度を両立させる「時間の使い分け」について解説します,急かす店とゆとりを演出する店では、お客様の再来店率と口コミ評価が雲泥の差になります,例を挙げると、高級レストランが2時間コースなのに、客単価も満足度も高いのはなぜでしょうか？,実は、ピーク時とオフタイムで時間の使い方を変えて、メリハリをつけることなんです,「ラストオーダー後はお時間気にせずごゆっくりどうぞ」って声かけで、印象が劇的に変わる,このバランス調整をマスターした店は、回転率を保ちながら顧客満足度も大幅に向上しました,「とにかく回転回転」って思ってた頃の僕に、今なら絶対この話をしたいです,明日から食後のお客様には「お時間気にせずどうぞ」の一言を添えてみてください,意思決定/Google口コミ/撤退判断/閉業業態/数字と人/給料以外退職/SNS投稿/キッチンカー/物価高対策/撤退立地
77,完了,2025-01-10,レビュー返信なしの罠,顧客体験,顧客のレビューに返信していない,顧客の声を軽視している印象を与え、口コミ対策が不十分になる,Googleや食べログなどに週1回の定期返信ルーティンを設け、改善アクションも公開する,レビューに返信してない店、お客様からの信頼失ってるって自覚ありますか？,口コミもらったのに放置して、そのお客様がどう思ってるか考えたことありません？,忙しいから返信は後回し、いつか時間ができたらやろうって先延ばしにしてませんか？,それ危険すぎます、お客様は無視されてるって感じてますよ,放っといたら、「この店は客の声を聞かない」って評判が広がって、新規客にも悪印象を与えますよ,「返信したところで売上に直結しない」って思ってるかもしれませんが、実は信頼関係の基盤になってます,その悩み、僕のクライアントも同じでした、返信するほど暇じゃないし、何て書けばいいかわからないって,ほんまは、お客様の声に応える姿勢って、店の価値観を表す大事なコミュニケーションなんです,レビュー返信をサボってると、口コミマーケティングの機会を自ら手放すことになってしまいます,今から、レビュー返信がなぜ「信頼構築の最強ツール」なのかを解説します,返信をする店としない店では、お客様のロイヤルティと新規獲得率に明確な差が出ます,これって、手紙をもらって返事を書かないのと同じで、関係性が一方通行になってしまうんです,コツは、週1回のルーティンで感謝+改善アクション+次回来店の声かけをセットで返信することなんです,「貴重なご意見ありがとうございます、スタッフと共有して改善に活かします、また是非お越しください」みたいな構成,この習慣を始めた店は、口コミの評価も上がって、お客様からの再来店率も大幅に向上しました,「返信なんて面倒なだけ」って思ってた頃の僕に、今なら絶対この話をしたいです,今週中にGoogleマイビジネスを開いて、未返信のレビューを1件でも返信してみてください,夢語り予約/現場研修/凡事徹底/物件ロジック/AI活用/数字と人/メニュー開発/再訪率/アルバイト定着/売上損益構造
78,完了,2025-01-10,特定ニーズ配慮なしの罠,顧客体験,子連れ・高齢者など特定ニーズへの配慮がない,一度不快な思いをした顧客は二度と来店しない可能性が高い,ベビーチェア、段差スロープ、アレルギー対応メニューなどを「見える化」して配慮を伝える,特定のお客様への配慮を怠ってる店、知らないうちに大切なお客様を失ってますよ,子連れの方や高齢のお客様に「うちには合わない」って思われたことないですか？,みんな大人やから特別な配慮は必要ないやろって、普通の対応で済ませてませんか？,そんな無配慮な姿勢、一度でも不快な思いをさせたら二度と来てもらえないリスクなんです,無関心を続けてると、口コミで「あの店は子連れに冷たい」「高齢者に優しくない」って広まりますよ,「特別扱いは面倒」って思ってるなら、実は大きなビジネスチャンスを逃してるかもしれません,その考え、すごくわかります、全てのお客様に対応するのは大変やし、コストもかかりそうで,でもほんまは、少しの工夫で「この店は気遣いが行き届いてる」って評価が劇的に上がるんです,配慮のない店は、知らず知らずのうちに来店を諦めさせてるお客様がたくさんいるはずです,今日は、特定ニーズへの配慮が「顧客満足度とリピート率」を飛躍的に向上させる理由をお伝えします,配慮のある店とない店では、ファミリー層や高齢者層の定着率に雲泥の差が生まれます,たとえば、段差があるだけで車椅子の方や足の不自由な方は諦めるしかないんです,答えは、ベビーチェア・段差スロープ・アレルギー対応を「見える化」して安心感を提供することなんです,「ベビーチェアあります」「アレルギー対応可能」ってメニューやSNSで明記するだけで来店ハードルが下がる,この配慮を実践した店は、ファミリー客と高齢者の来店が増えて、客層の幅も広がりました,「普通の対応で十分」って思ってた頃の僕に、今なら絶対この話をしたいです,来月までにベビーチェア1つとアレルギー対応メニューを用意して、配慮を店内に表示してみてください,夢語り予約/現場研修/凡事徹底/物件ロジック/AI活用/数字と人/メニュー開発/再訪率/アルバイト定着/売上損益構造
79,完了,2025-01-10,会計機械的の罠,顧客体験,会計時のレジ対応が機械的,最後の印象が悪くなり、全体の体験を台無しにしてしまう,笑顔でのお礼、次回利用案内、LINE登録の声がけなど「最後の1分」を丁寧に設計する,会計時のレジ対応が機械的な店、最後の1分で全てを台無しにしてるって気づいてますか？,料理も接客も良かったのに、会計だけ事務的で印象悪くなった経験ってないですか？,レジは金額言って、お釣り渡すだけの作業やと思ってませんか？,そんな機械的な対応、お客様の心に残る最後のチャンスを無駄にしてるんです,機械的な会計を続けてると、「感じの悪い店」「また行きたくない店」って印象で帰られますよ,「会計は早く終わらせた方がいい」って思ってるかもしれませんが、実は一番重要な接点なんです,確かに、忙しい時は会計を早く回したいし、丁寧にやってる時間もないって気持ちわかります,実際のところ、最後の印象って全体の評価を左右する「ピークエンドの法則」が働くんです,雑な会計対応は、それまでの良い体験を全て帳消しにしてしまうリスクがあります,このリールで、会計を「感動の締めくくり」に変える「最後の1分設計」をお教えします,機械的な会計の店と丁寧な会計の店では、お客様の満足度と再来店意欲に天と地の差が出ます,想像してみてください、素敵なディナーの最後に冷たい態度で会計されたら、全部台無しになりませんか？,実は、笑顔のお礼・次回案内・特典の声かけで「最後の1分」を演出することなんです,「本日はありがとうございました、来月新メニューも始まりますので、また是非お越しください」って心を込める,この会計設計を実践した店は、お客様の帰り際の表情が明らかに変わって、リピート率も向上しました,「会計は事務作業」って思ってた頃の僕に、今なら絶対この話をしたいです,明日から会計時に必ず笑顔で感謝を伝えて、次回来店の一言を添えてみてください,夢語り予約/現場研修/凡事徹底/物件ロジック/AI活用/数字と人/メニュー開発/再訪率/アルバイト定着/売上損益構造
80,完了,2025-01-10,感情読み取り余裕なしの罠,顧客体験,客の感情を読み取る余裕がスタッフにない,クレーム予備軍を見逃し、炎上や損失につながる,「困ってそうな人がいたら声をかける」文化をつくり、察する接客の意識を育む,スタッフに感情読み取る余裕がない店、クレーム予備軍を見逃して炎上寸前ですよ,忙しすぎて、お客様の表情や雰囲気を読み取る余裕がないって状況になってません？,とりあえず注文取って、料理出して、会計すれば接客完了って思ってませんか？,そんな作業的な接客、お客様の不満を見逃してトラブルの元になってるんです,余裕のない接客を続けてると、小さな不満が積み重なって大きなクレームに発展しますよ,「接客は効率重視でスピード命」って思ってるかもしれませんが、感情のケアも同じくらい大事なんです,その状況、すごくわかります、人手不足で一人ひとりの負担が重くて、細かい配慮まで手が回らないですよね,ところが、困ってるお客様を早期発見する習慣があると、大きなトラブルを未然に防げるんです,感情を読み取る余裕がないと、お客様の小さなSOS信号を見逃してしまいます,今から、忙しい現場でも実践できる「察する接客」の仕組みづくりをお伝えします,感情に気づく店と気づかない店では、クレーム発生率と顧客満足度に大きな差が生まれます,これって、家族の体調不良に気づかないまま悪化させるのと同じ構造ですよね,コツは、「困ってそうな人がいたら声をかける」文化をスタッフ全員で共有することなんです,「何かお困りのことはございませんか？」「お料理の調子はいかがですか？」って気遣いの声かけを習慣化する,この察する接客を導入した店は、クレームが激減して、お客様からの感謝の声も大幅に増えました,「忙しいから仕方ない」って思ってた頃の僕に、今なら絶対この話をしたいです,今度の営業で、スタッフみんなで「困ってそうなお客様がいたら声をかけよう」を実践してみてください,夢語り予約/現場研修/凡事徹底/物件ロジック/AI活用/数字と人/メニュー開発/再訪率/アルバイト定着/売上損益構造
81,完了,2025-07-20,SNS投稿内容不明の罠,集客・販促,SNSを始めたものの「何を投稿すればいいかわからない」,更新が止まり、アカウントの信頼性が低下する,来店理由に直結する「メニュー・お客様の声・期間限定・裏側」を週ごとにテーマ設定する,「何投稿したらええか分からん」ってSNS放置してる店は確実に機会損失してます,SNS始めたのはいいけど、投稿内容に迷ってませんか？,「とりあえず料理写真撮っとこ」って適当にしてるでしょ？,でもそれ、フォロワーにとって何の価値もない投稿です,このまま迷いながら続けたら、更新も止まってアカウントが無意味になります,最近SNS更新がおっくうになってきたなって感じませんか？,お客様に喜んでもらいたくてSNS始めた気持ちはよく分かります,でも何を伝えたいか分からない投稿やと、見てる人も興味持てない,SNS投稿は「感覚」やなくて「戦略」で決めるもんです,今から話すのは、来店に直結するSNS投稿の具体的戦略です,適当投稿の店と戦略的投稿の店、どっちが集客できるか想像できますよね,たとえば「今日の料理です」と「雨の日に温まる特製スープ、明日まで限定です」どっちが行きたくなる？,SNS成功は「メニュー・声・限定・裏側」の4つのテーマで決まるもんです,週ごとにテーマを決めて、来店理由につながる投稿をしてください,お客様の声や期間限定情報、調理の裏側など、価値ある情報を発信するんです,「見たい」「行きたい」と思われる投稿が、集客力を上げます,SNSは日記じゃありません。戦略的に投稿しましょう,ネット情報統一・価格設計・Google口コミ・人時売上・売上目標
82,完了,2025-01-10,フォロワー数追求の罠,集客・販促,フォロワー数ばかりを追い、来店に結びつかない施策を続ける,数字は増えるが、実店舗の集客に効果がない,SNSを「来店導線」と位置づけ、ストーリーやプロフィールに予約・地図・営業時間を明記する,フォロワー数ばかり追いかけてる店、実店舗の集客に全く結びついてないって気づいてますか？,1万フォロワー突破したのに、来店客数は全然増えないって経験ありません？,フォロワーが多い＝人気店だから集客も順調やろって勘違いしてませんか？,それ思考の悪いクセです、フォロワー≠お客様なんです,このままやと、フォロワー数は虚栄心を満たすだけで、売上には何の貢献もしない数字になりますよ,「インフルエンサーみたいにフォロワー増やせば成功」って思ってるなら、完全に方向性を間違えてます,昔の僕もそうでした、フォロワー数にこだわって、いいね稼ぎのコンテンツばかり投稿してました,ほんまは、フォロワーの質と来店への導線設計が重要で、数だけ追っても意味がないんです,フォロワー数の罠にハマってると、本当の目的である「来店促進」から遠ざかってしまいます,今日は、SNSを「来店導線」に変える具体的な設計方法をお伝えします,フォロワー数重視の店と来店導線重視の店では、実際の集客効果に10倍以上の差が出ます,よくあるのは、フォロワーは遠方の人ばかりで、実際に来店できる地域の人が少ないパターンですよね,ポイントは、プロフィール・ストーリー・投稿に予約リンク・地図・営業時間を必ず設置することなんです,「今すぐ予約できる」「場所がわかりやすい」「営業中かわかる」この3つを常に見える状態にする,この導線設計に変えた店は、フォロワー数は半分でも実際の来店予約が3倍に増えました,「フォロワー数が全て」って思ってた頃の僕に、今なら絶対この話をしたいです,今週中にプロフィール欄に予約リンクと営業時間を追加して、来店導線を整備してみてください,夢語り予約/現場研修/凡事徹底/物件ロジック/AI活用/数字と人/メニュー開発/再訪率/アルバイト定着/売上損益構造
83,完了,2025-01-10,イベント頼みの罠,集客・販促,「イベントやったら客は来る」と思っている,企画力不足でマンネリ化し、持続的な集客につながらない,顧客層に合った企画設計と事前告知を行い、「来たい理由」を明確にする,イベント頼みで集客してる店、一過性の効果だけで終わってるって気づいてますか？,「○○フェアやったら客来るやろ」って安易に企画してません？,とりあえずイベント打って、SNSで告知すれば何とかなるって思ってませんか？,でも逆に、これ全部ちゃんと準備してたら、確実に防げることなんです,このままやと、イベント疲れでスタッフも客も離れて、通常営業に響きますよ,「イベントは集客の特効薬」って思ってるかもしれませんが、実は諸刃の剣なんです,その気持ち、すごくわかります、普段の集客に不安があると、イベントに頼りたくなりますよね,ところが、企画に一貫性がないと「また何かやってる店」って印象だけが残るんです,イベント頼みの集客は、根本的な魅力向上から目を逸らすことになってしまいます,実は、イベントが本当に効果を発揮する「企画設計の法則」をお教えします,企画力のある店とない店では、同じイベントでも集客効果と持続性が雲泥の差になります,これって、映画の予告編と同じで、見たくなる理由がないと話題にすらならないんです,コツは、ターゲット客層・参加理由・限定性を明確にして「来なきゃ損」の設計をすることなんです,「子連れ限定・平日ランチタイム・先着20組」みたいに具体的な条件設定で特別感を演出する,この企画設計を身につけた店は、イベント効果が通常営業にも波及して、リピーター増加につながってます,「とりあえずイベント」って思ってた頃の僕に、今なら絶対この話をしたいです,次回のイベント企画時に、「誰に・なぜ来てほしいか」を明文化してから準備してみてください,人辞めないチーム/長期休暇勝負/生産者現場/EC利用シーン/アルコール対策/こだわり財務/コロナ後変化/オペレーション継続/仕掛けマネジメント/アルバイト定着
84,完了,2025-07-20,口コミ任せ思い込みの罠,集客・販促,「うちの店は口コミだけで大丈夫」と思い込む,競合がSNSや広告で集客を伸ばす中、取り残される,今の「常連」が10年後もいるとは限らない。未来のお客様との接点づくりに投資する,「口コミだけで十分」って安心してる店は確実に衰退します,集客は口コミと常連さんだけで回ってると思ってませんか？,「宣伝しなくても大丈夫やろ」って現状維持してるでしょ？,でもそれ、競合に客を奪われてる危険な思い込みです,このまま口コミ頼りやと、若い客層は流れて高齢化が進んで売上減少します,最近新規のお客様が減ってるなって感じませんか？,口コミで広がってる実感があると、宣伝は不要やと思いたくなりますよね,でも口コミだけやと新しい客層にアプローチできない,集客は「口コミ + 能動的発信」の両輪で行うもんです,今から話すのは、口コミを活かしながら新規開拓する集客戦略です,口コミ依存の店と多角的集客の店、5年後どっちが残ってるか想像できますよね,たとえば60代中心の口コミと、20-40代もカバーするSNS発信、どっちが成長性ある？,集客成功は「現在・未来・接点」の3つを同時に育てるもんです,今の常連を大切にしながら、SNSで未来の客層にアプローチしてください,10年後も通ってくれる保証はないから、新しい接点を作り続けるんです,「安定した集客」は、複数のルートがあってこそ実現できます,口コミ頼りは危険です。未来への投資を今日から始めましょう,ネット情報統一・価格設計・Google口コミ・人時売上・売上目標
85,完了,2025-01-10,オープン特典豪華すぎの罠,集客・販促,オープン時の特典を豪華にしすぎる,特典目当ての客ばかりで、リピートにつながらない,適度な特典で「価値を体験してもらう」ことに集中し、継続来店の仕組みを作る,オープン特典を豪華にしすぎて自爆してる店、特典なしになったら誰も来なくなりますよ,半額、無料ドリンク、プレゼント付きって大盤振る舞いしてません？,派手な特典で話題作って、最初だけでも集客したいって考えてませんか？,それ制度や待遇の問題じゃなくて空気の問題かもしれません,特典目当ての客層が定着すると、通常価格では見向きもされない店になりますよ,「とにかく知ってもらいたい」って思ってるなら、実は逆効果になってるかもしれません,昔の僕もそうでした、オープン時に大盤振る舞いして、一時的には賑わったけど,実際のところ、特典に釣られる客層と、本当に価値を理解してくれる客層は全然違うんです,豪華特典に頼ってると、本来の商品力や接客力を磨く機会を失ってしまいます,今回は、特典に頼らない「価値体験型オープン戦略」の設計方法をお伝えします,特典頼みの店と価値重視の店では、オープン後3ヶ月の客層定着率が全然違います,例を挙げると、半額で来た客と、味を求めて来た客、どっちが長く通ってくれるかは明白ですよね,実は、「少し安く価値を体験してもらう」程度の特典で、本当の魅力を伝えることなんです,「通常1200円のランチを1000円で」「ドリンク1杯サービス」程度で、価値を感じてもらう設計,この適度な特典戦略を実践した店は、オープン客の6割が通常価格でもリピートしてます,「派手にやらないと注目されない」って思ってた頃の僕に、今なら絶対この話をしたいです,次回の特典企画では、「価値を知ってもらう」ことを目的に、適度な内容で設計してみてください,人辞めないチーム/長期休暇勝負/生産者現場/EC利用シーン/アルコール対策/こだわり財務/コロナ後変化/オペレーション継続/仕掛けマネジメント/アルバイト定着
86,完了,2025-01-10,集客不安定の罠,集客・販促,「集客が不安定」,忙しい日と暇な日の差が激しく、スタッフシフトや仕入れ調整が困難,リピーター獲得の仕組み・予約システム・SNS運用で安定集客の基盤を作る,集客が不安定すぎて、毎日ジェットコースターみたいな店、経営安定しませんよ,忙しい日と暇な日の差が激しくて、シフトも仕入れも読めないって状況になってません？,今日は満席、明日はガラガラって日々の売上が予測できませんか？,やらされてる感が抜けない現場は何を教えても育ちません,売上伸ばすために通販もやってみよって安直な気持ちで始めて思い知らされてますよね？,「いつかは安定する」って思ってるかもしれませんが、仕組みがないと永遠に不安定なままです,その悩み、多くの経営者が抱えてます、売上が読めないと精神的にもしんどいし、計画も立てられないですよね,ほんまは、集客の安定性って偶然じゃなく「リピーター比率」で決まるんです,不安定な集客を放置してると、スタッフのモチベーションも下がって悪循環が始まります,今日は、集客を安定させる「3つの仕組み」について詳しく解説します,安定集客の店と不安定な店では、経営ストレスと利益率に天と地の差が出ます,想像してみてください、毎日「今日は何人来るかな」って不安になるのと、「大体○人は来る」って安心感、どっちがいいですか？,答えは、リピーター獲得・予約システム・定期的な情報発信の3つを同時に回すことなんです,月1回は必ず来店する常連が30組いれば、平日でも最低限の売上は確保できる計算になります,この安定基盤を構築した店は、季節変動や天候に左右されずに、計画的な経営ができてます,「いつか安定する」って願ってた頃の僕に、今なら絶対この話をしたいです,まずは現在の新規・リピーター比率を計算して、リピーター増加の対策から始めてみてください,人辞めないチーム/長期休暇勝負/生産者現場/EC利用シーン/アルコール対策/こだわり財務/コロナ後変化/オペレーション継続/仕掛けマネジメント/アルバイト定着
87,完了,2025-07-20,有料広告効果測定なしの罠,集客・販促,有料広告を出しても効果測定をしない,コストばかりかかり、改善ポイントが見えない,投稿ごとのクリック率や来店数を記録し、効果が高いターゲット・時間帯を分析する,「広告出しっぱなし」で効果測定してない店は確実に広告費ドブに捨ててます,有料広告出してるのに、効果測定してませんか？,「とりあえず出しとけば効果あるやろ」って放置してるでしょ？,でもそれ、無駄金を垂れ流してるだけの危険な習慣です,このまま測定なし広告続けたら、コストばかりかかって売上には貢献しません,最近広告費ばかりかかって効果実感できないなって感じませんか？,広告出すだけで集客できると思いたくなる気持ちはよく分かります,でも効果を測らないと、何が良くて何がダメか全然分からない,広告は「出稿」やなくて「分析・改善」で成果が決まるもんです,今から話すのは、広告費を無駄にしない効果測定の具体的方法です,測定しない広告と分析する広告、どっちが投資効果高いか想像できますよね,たとえば月5万の広告で来店10人と来店30人、効果測定すればどっちが良いか分かります,広告成功は「記録・分析・改善」の3つのサイクルで決まるもんです,クリック率、来店数、ターゲット別効果を必ず記録してください,効果の高い時間帯やターゲット層を見つけて、予算配分を最適化するんです,「数字で判断する」習慣が、広告投資の成功につながります,広告は出すだけじゃダメです。効果測定して改善しましょう,ネット情報統一・価格設計・Google口コミ・人時売上・売上目標
88,完了,2025-01-10,明確USP無しの罠,ブランド設計,明確な売りポイント（USP）がない,「この店といえば○○」が伝わらず、選ばれる理由がない,他店との差別化を図り、「○○なら当店」と言われる独自性を1つ明確化する,明確な売りポイントがない店、お客様からスルーされ続けてるって自覚ありますか？,他の店と何が違うのか、パッと説明できない状態になってません？,美味しい、安い、雰囲気いいって、どこの店でも言えることばかり言ってませんか？,誰が、いつ、どこで、なんで食べるのか、それが見えてないんです,このままやと、価格競争に巻き込まれて、「普通の店」のまま埋もれていきますよ,「うちの料理は美味しいから大丈夫」って思ってるなら、実は一番危険な考えかもしれません,その気持ち、よくわかります、料理に自信があるし、お客様にも喜んでもらってるから特別なことしなくてもって,でもほんまは、「○○といえばここ」って覚えてもらわないと、選択肢から外れるんです,売りポイントが曖昧だと、お客様にとって「特別に行く理由」が見つからなくなってしまいます,このリールでは、USP（独自の売りポイント）を見つける具体的な方法をお伝えします,売りが明確な店と曖昧な店では、お客様の記憶への残り方と再来店率が全然違います,例を挙げると、「美味しいイタリアン」と「地元野菜だけのイタリアン」、どっちが印象に残りますか？,実は、料理・立地・サービス・客層のどれか1つに特化して、「○○なら当店」を作ることなんです,「夜遅くまでやってる唯一の定食屋」「子連れ歓迎を全面に出した焼肉店」みたいな明確なポジション,このUSP設計ができた店は、口コミでも「○○のお店」って紹介されて、指名来店が増えてます,「なんとなく良い店」って思ってた頃の僕に、今なら絶対この話をしたいです,今週中に「うちの店といえば○○」を1つ決めて、それを全面に押し出してみてください,人辞めないチーム/長期休暇勝負/生産者現場/EC利用シーン/アルコール対策/こだわり財務/コロナ後変化/オペレーション継続/仕掛けマネジメント/アルバイト定着
89,完了,2025-01-10,看板デザイン軽視の罠,ブランド設計,看板やロゴのデザインを軽視している,第一印象が悪く、入店をためらわせる,プロのデザイナーに依頼し、ターゲット客層に響くビジュアルブランディングを構築,看板デザインを軽視してる店、入口で客を逃してるって気づいてますか？,手作り感のある素朴な看板で、親しみやすさをアピールしてません？,「中身で勝負や、外見なんてどうでもええ」って思ってませんか？,いや、若者も飲まんかい！とは言えないので、時代に合わせる必要があります,見た目の第一印象が悪いと、店内の良さを知ってもらう前に素通りされますよ,「料理が美味しければ看板なんて」って思ってるなら、機会損失がめちゃくちゃ大きいかもしれません,確かに、内装や料理にお金かけたいし、看板にまで予算回らないって気持ちわかります,ところが、看板って店の「顔」で、その印象が店全体の評価を左右するんです,デザインを軽視してると、ターゲット客層に「自分向けの店じゃない」って判断されてしまいます,今から、なぜ「ビジュアルブランディング」が集客の最重要ポイントなのかを解説します,デザインに投資する店としない店では、同じ立地でも入店率に3倍以上の差が出ます,これって、人の第一印象と同じで、見た目で興味を持ってもらえないと中身を知ってもらえないんです,ポイントは、ターゲット客層が「入ってみたい」と思うデザインを、プロに依頼することなんです,20代女性向けならおしゃれで洗練されたデザイン、ファミリー向けなら親しみやすく温かいデザイン,このビジュアル投資をした店は、通りがかりの客の入店率が格段に上がって、売上も向上しました,「中身で勝負」って思ってた頃の僕に、今なら絶対この話をしたいです,来月までにターゲット客層を明確にして、プロデザイナーに看板リニューアルを相談してみてください,人辞めないチーム/長期休暇勝負/生産者現場/EC利用シーン/アルコール対策/こだわり財務/コロナ後変化/オペレーション継続/仕掛けマネジメント/アルバイト定着
91,完了,2025-07-20,美味しければ伝わる思い込みの罠,ブランド設計,「美味しければ伝わる」と思い、言語化を怠る,顧客に価値が伝わらず、比較検討で埋もれてしまう,コンセプトを「誰の・どんな悩みに・どう応えるか」で整理し、店頭・SNSで一貫して伝える,「美味しいから大丈夫」って言語化サボってる店は確実に埋もれます,味に自信があるから、特に宣伝しなくても大丈夫やと思ってませんか？,「美味しければ自然と伝わるやろ」って甘く考えてるでしょ？,でもそれ、価値を伝えることを放棄してる危険な思い込みです,このまま言語化怠ったら、比較検討で他店に負けて選ばれなくなります,最近「なんでうちを選んだんですか？」って聞いても曖昧な答えが多くないですか？,料理の腕に自信があるから、宣伝は後回しにしたくなりますよね,でも伝わらない価値は存在しないのと同じで、お客様には届かない,ブランディングは「味」やなくて「伝え方」で決まるもんです,今から話すのは、価値を言語化して選ばれる店になる戦略です,言語化しない店と明確に伝える店、どっちが選ばれるか想像できますよね,たとえば「美味しい店」と「働く女性の疲れを癒す優しい味の店」どっちが刺さる？,ブランド成功は「誰の・悩み・解決」の3つを明確にするもんです,ターゲットの悩みと、それにどう応えるかを言葉で整理してください,店頭、メニュー、SNSで一貫したメッセージを発信するんです,「なぜここを選ぶべきか」が明確な店が、競合に勝てます,美味しいは当たり前です。伝える努力を今日から始めましょう,ネット情報統一・価格設計・Google口コミ・人時売上・売上目標
94,完了,2025-07-20,ターゲット曖昧の罠,ブランド設計,ターゲット設定が曖昧で、誰に届いているか不明瞭,投稿やメニューがブレて、ファン化されにくい,メインターゲット（年齢層・性別・生活背景）を明確にし、言葉遣い・訴求も合わせる,「誰でもウェルカム」って曖昧ターゲットの店は確実にファンつきません,ターゲット設定が「老若男女問わず」になってませんか？,「誰でも来てもらいたい」って曖昧にしてるでしょ？,でもそれ、結果的に誰にも刺さらない中途半端な店になってます,このまま曖昧ターゲット続けたら、メッセージがブレて強いファンが育ちません,最近投稿やメニューの方向性が定まらないなって感じませんか？,みんなに愛されたいって気持ちはよく分かります,でも万人受けを狙うと、誰の心にも深く刺さらない,ターゲティングは「絞る」ことで「響く」ようになるもんです,今から話すのは、明確なターゲット設定でファンを作る戦略です,曖昧ターゲットの店と明確ターゲットの店、どっちがファン多いか想像できますよね,たとえば「みんなの店」と「30代働くママの味方」どっちが印象に残る？,ターゲット成功は「年齢・性別・背景」の3つを具体化するもんです,メインターゲットの年齢層、性別、生活背景を明確に決めてください,その人たちに合わせた言葉遣いや訴求ポイントで一貫して発信するんです,「この店は私のため」って思われることが、ファン化につながります,みんなに好かれようとするのはやめましょう。ターゲットを絞って深く刺さる店にしましょう,ネット情報統一・価格設計・Google口コミ・人時売上・売上目標
96,完了,2025-07-20,スタッフコンセプト未共有の罠,ブランド設計,スタッフとコンセプト共有ができていない,接客や投稿がバラバラで、顧客に一貫性が伝わらない,スタッフマニュアルにブランドの「約束」を明記し、月1の共有会で浸透させる,「スタッフ任せ」でコンセプト伝えてない店は確実にブランドがブレます,店のコンセプト、スタッフに伝えきれてますか？,「なんとなく分かってるやろ」って曖昧にしてるでしょ？,でもそれ、接客も投稿も人によってバラバラになる危険な状態です,このままコンセプト未共有続けたら、お客様に一貫したブランド体験を提供できません,最近スタッフによって接客のトーンが違うなって感じませんか？,忙しい現場でコンセプト共有まで手が回らない気持ちはよく分かります,でもスタッフが理解してないと、せっかくのブランドが台無しになってしまってる,ブランド浸透は「共有」やなくて「仕組み」で実現するもんです,今から話すのは、スタッフ全員でブランドを体現する共有戦略です,バラバラ接客の店と統一ブランドの店、どっちが信頼されるか想像できますよね,たとえば人によって接客が違う店と、誰が対応しても同じ価値観の店、どっちが安心？,ブランド共有は「明文化・共有・浸透」の3つで確実にするもんです,スタッフマニュアルにブランドの約束と行動指針を明記してください,月1回の共有会で理念を再確認して、具体的な行動に落とし込むんです,「全スタッフが同じ価値観」で動く店が、強いブランドを作ります,ブランドは一人では作れません。チーム全体で共有しましょう,ネット情報統一・価格設計・Google口コミ・人時売上・売上目標
101,完了,2025-07-20,職人思考偏重の罠,経営者哲学,「美味しい料理を出せばOK」という職人思考に偏る,店は続くが人が育たず、組織としての拡張性がない,経営者として「仕組み・人・数字」に向き合う意識を持ち、役割を分担する,「料理さえ美味しければ大丈夫」って職人思考の店は確実に拡張できません,料理の腕だけに頼って経営してませんか？,「美味しい物作ってたら何とかなる」って考えてるでしょ？,でもそれ、一人親方の限界で組織として成長できない危険な思考です,このまま職人思考続けたら、人は育たないし店の規模も拡大できません,最近「自分がいないと回らない」って状況が続いてませんか？,料理人としてのプライドがあるから、料理以外は後回しにしたくなりますよね,でも経営は料理だけじゃなくて、人も数字も仕組みも全部大切,経営者思考は「職人 + マネジメント」の両方で成り立つもんです,今から話すのは、職人のスキルを活かしながら組織を作る経営戦略です,職人思考の店と経営者思考の店、5年後どっちが成長してるか想像できますよね,たとえば店主が作る料理だけの店と、誰が作っても同じ品質の仕組みがある店、どっちが安定？,経営成功は「仕組み・人・数字」の3つを同時に育てるもんです,料理の技術を標準化して、誰でも再現できる仕組みを作ってください,スタッフ育成と数字管理にも時間を割いて、役割分担するんです,「経営者としての視点」が、店の持続的成長につながります,職人で終わらず経営者になりましょう。仕組み作りを今日から始めましょう,ネット情報統一・価格設計・Google口コミ・人時売上・売上目標
105,完了,2025-07-20,自分頑張れば思考の罠,経営者哲学,「自分が頑張ればいい」という考えに囚われる,限界まで働いても結果が出ず、孤独感が募る,「任せる力」を育て、業務分担や相談できる人脈を意識的に増やす,「自分が頑張ればなんとかなる」って一人で抱え込んでる経営者は確実に限界来ます,全部自分でやらないと気が済まないタイプですか？,「人に任せるより自分でやった方が早い」って思ってるでしょ？,でもそれ、経営者として一番危険な思考パターンです,このまま一人で抱え込み続けたら、体も心も壊れて店も回らなくなります,最近「なんで自分ばっかり…」って孤独感じることありませんか？,責任感が強いから、全部自分でコントロールしたくなる気持ちはよく分かります,でも一人の限界を超えると、結果的に全てが中途半端になってしまってる,経営は「頑張る」やなくて「任せる」で成果が決まるもんです,今から話すのは、一人で抱え込まず組織で成果を出す経営戦略です,一人で頑張る経営と分担する経営、どっちが持続可能か想像できますよね,たとえば24時間働く経営者と、適切に任せて6時間で済む経営者、どっちが成長できる？,組織経営は「任せる・分担・相談」の3つで実現するもんです,スタッフに業務を任せる勇気と仕組みを作ってください,経営の悩みを相談できる人脈も意識的に増やしていくんです,「一人でできること」より「みんなでできること」の方がはるかに大きいです,一人で抱え込むのはやめましょう。任せる勇気を今日から持ちましょう,ネット情報統一・価格設計・Google口コミ・人時売上・売上目標
109,完了,2025-07-20,やりたいこと拡散の罠,経営者哲学,「やりたいこと」が整理されておらず、拡散する,あれもこれもと取り組むうちに、コスト・労力が分散して成果が出ない,「やらないことリスト」を明確にし、事業の軸を定める,「あれもこれも」って拡散してる経営者は確実に全部中途半端になります,やりたいことが多すぎて、どれから手をつけていいか分からなくなってませんか？,「全部大事やから全部やりたい」って欲張ってるでしょ？,でもそれ、エネルギーが分散して何一つ成果が出ない危険な状態です,このまま拡散続けたら、コストばかりかかって利益は上がりません,最近「忙しいのに成果が出ない」って焦り感じませんか？,色んなことに挑戦したい気持ちはよく分かります,でも同時に複数のことやると、どれも中途半端で競合に負けてしまってる,経営は「やること」やなくて「やらないこと」を決めるもんです,今から話すのは、集中して成果を出すための選択と集中戦略です,拡散経営と集中経営、どっちが結果出すか想像できますよね,たとえば10個のことを10%ずつと、1個のことを100%、どっちが成功確率高い？,集中経営は「軸・やらない・優先順位」の3つで決まるもんです,事業の軸を明確にして、やらないことリストを作ってください,優先順位をつけて、上位3つ以外は手をつけないと決めるんです,「選択と集中」が、限られたリソースで最大成果を生みます,何でもやるのはやめましょう。やらないことを決めて集中しましょう,ネット情報統一・価格設計・Google口コミ・人時売上・売上目標
118,完了,2025-07-20,食品表示軽視の罠,社会環境,食品表示・アレルゲン管理を軽視している,トラブルやクレーム、保健所からの指導リスクが高まる,メニューの見直しとスタッフ教育で、正確な表示とアレルゲン対応を徹底する,「表示なんて適当でええやろ」って軽視してる店は確実に行政指導受けます,食品表示やアレルゲン管理、適当にしてませんか？,「そんな細かいこと気にする人おらんやろ」って軽視してるでしょ？,でもそれ、法令違反で営業停止リスクもある危険な考えです,このまま表示軽視続けたら、保健所指導やアレルギー事故で大問題になります,最近食品表示の法律が厳しくなってるって知ってませんか？,面倒な表示作業は後回しにしたくなる気持ちはよく分かります,でも表示不備は店の信頼性を根本から損なう重大な問題,食品表示は「面倒」やなくて「義務」として扱うもんです,今から話すのは、トラブルを防ぐ食品表示とアレルゲン管理の徹底法です,適当表示の店と徹底管理の店、どっちが安心して利用できるか想像できますよね,たとえば曖昧な表示の店と、詳細で正確な表示の店、どっちが信頼される？,表示管理は「正確・教育・更新」の3つで完璧にするもんです,メニューの原材料とアレルゲンを正確に表示してください,スタッフ全員が表示内容を理解して、お客様に説明できるよう教育するんです,「正確な表示」が、お客様の安心と店の信頼につながります,表示は店の責任です。軽視せず徹底管理しましょう,ネット情報統一・価格設計・Google口コミ・人時売上・売上目標
120,完了,2025-07-20,変化一過性楽観視の罠,社会環境,「社会の変化は一過性」と楽観視して何もしない,数年後に時代遅れの店になり、立て直しが困難になる,変化を定期的にチェックし、2年先を見据えた改善を習慣化する,「コロナも終わったし元に戻る」って楽観視してる店は確実に取り残されます,社会の変化を一過性のものやと思ってませんか？,「また前みたいに戻るやろ」って楽観視してるでしょ？,でもそれ、時代の流れを読めてない危険な思い込みです,このまま変化を無視し続けたら、数年後には完全に時代遅れの店になります,最近お客様の行動パターンが変わってるなって感じませんか？,変化に対応するのは面倒やし、今のままでも何とかなると思いたくなりますよね,でも変化を無視してると、気づいた時にはもう手遅れになってしまってる,経営は「現状維持」やなくて「変化対応」で生き残るもんです,今から話すのは、変化を先読みして継続成長する適応戦略です,変化無視の店と変化対応の店、5年後どっちが残ってるか想像できますよね,たとえば昔ながらのやり方だけの店と、時代に合わせて進化する店、どっちが選ばれる？,変化対応は「観察・予測・行動」の3つで先手を打つもんです,お客様のニーズや社会環境の変化を定期的にチェックしてください,2年先を見据えた改善計画を立てて、小さな変化から始めるんです,「変化を味方につける」店が、長期的に成功し続けます,変化を恐れずチャンスにしましょう。適応力を今日から鍛えましょう,ネット情報統一・価格設計・Google口コミ・人時売上・売上目標
